Country,Air Quality Network,Air Quality Network Name,Air Quality Station EoI Code,Air Quality Station Name,Sampling Point Id,Air Pollutant,Air Pollutant Description,Data Aggregation Process Id,Data Aggregation Process,Year,Air Pollution Level,Unit Of Air Pollution Level,Data Coverage,Verification,Air Quality Station Type,Air Quality Station Area,Longitude,Latitude,Altitude,City,City Code,City Population,Source Of Data Flow,Calculation Time,Link to raw data (only E1a/validated data from AQ e-Reporting),Observation Frequency
"Ireland","","","IE0025A","","SPO-IE0025A_00005_100","PM10","Particulate matter < 10 µm (aerosol)","P1Y","Annual mean / 1 calendar year","1999","49.209","ug/m3","86.58","","Traffic","urban","-6.2500","53.3300","10.0","Dublin                                                                          ","IE001C1                                           ","516255","Reporting within EoI/AirBase 8","31/12/2012 00:00:00","",""
"Ireland","NET.IE001","Ireland Air Quality e-Reporting monitoring network for compliance and informative reporting","IE0098A","Dublin Winetavern Street","SPO.IE.IE0098ASample2_5","PM10","Particulate matter < 10 µm (aerosol)","P1Y","Annual mean / 1 calendar year","1999","34.766","ug/m3","80.82","","Traffic","urban","-6.2889","53.3417","15.0","Dublin                                                                          ","IE001C1                                           ","516255","Reporting within EoI/AirBase 8","31/12/2012 00:00:00","",""
"Ireland","NET.IE001","Ireland Air Quality e-Reporting monitoring network for compliance and informative reporting","IE0095A","Dublin Phoenix Park Ordnance Survey Road","SPO.IE.IE0095ASample1_5","PM10","Particulate matter < 10 µm (aerosol)","P1Y","Annual mean / 1 calendar year","1999","15.792","ug/m3","83.84","","Background","suburban","-6.3490","53.3644","35.0","Dublin                                                                          ","IE001C1                                           ","516255","Reporting within EoI/AirBase 8","31/12/2012 00:00:00","",""
"Ireland","NET.IE001","Ireland Air Quality e-Reporting monitoring network for compliance and informative reporting","IE0028A","Dublin Rathmines Wynnefield Road","SPO.IE.IE0028ASample2_5","PM10","Particulate matter < 10 µm (aerosol)","P1Y","Annual mean / 1 calendar year","1999","18.223","ug/m3","62.74","","Background","urban","-6.2781","53.3539","25.0","Dublin                                                                          ","IE001C1                                           ","516255","Reporting within EoI/AirBase 8","31/12/2012 00:00:00","",""
"Ireland","","","IE0104A","","SPO-IE0104A_00005_100","PM10","Particulate matter < 10 µm (aerosol)","P1Y","Annual mean / 1 calendar year","2001","25.550","ug/m3","73.70","","Traffic","suburban","-9.0494","53.2819","40.0","Galway                                                                          ","IE004C1                                           ","73963","Reporting within EoI/AirBase 8","31/12/2012 00:00:00","",""
"Ireland","NET.IE001","Ireland Air Quality e-Reporting monitoring network for compliance and informative reporting","IE0095A","Dublin Phoenix Park Ordnance Survey Road","SPO.IE.IE0095ASample1_5","PM10","Particulate matter < 10 µm (aerosol)","P1Y","Annual mean / 1 calendar year","2001","17.707","ug/m3","86.85","","Background","suburban","-6.3490","53.3644","35.0","Dublin                                                                          ","IE001C1                                           ","516255","Reporting within EoI/AirBase 8","31/12/2012 00:00:00","",""
"Ireland","NET.IE001","Ireland Air Quality e-Reporting monitoring network for compliance and informative reporting","IE0098A","Dublin Winetavern Street","SPO.IE.IE0098ASample2_5","PM10","Particulate matter < 10 µm (aerosol)","P1Y","Annual mean / 1 calendar year","2001","28.151","ug/m3","89.04","","Traffic","urban","-6.2889","53.3417","15.0","Dublin                                                                          ","IE001C1                                           ","516255","Reporting within EoI/AirBase 8","31/12/2012 00:00:00","",""
"Ireland","","","IE0105A","","SPO-IE0105A_00005_100","PM10","Particulate matter < 10 µm (aerosol)","P1Y","Annual mean / 1 calendar year","2001","26.554","ug/m3","84.11","","Traffic","urban","-6.2667","53.3472","20.0","Dublin                                                                          ","IE001C1                                           ","516255","Reporting within EoI/AirBase 8","31/12/2012 00:00:00","",""
"Ireland","NET.IE001","Ireland Air Quality e-Reporting monitoring network for compliance and informative reporting","IE0106A","Dublin Marino Brian Road","SPO-IE0106A_00005_100","PM10","Particulate matter < 10 µm (aerosol)","P1Y","Annual mean / 1 calendar year","2001","23.057","ug/m3","77.53","","Background","suburban","-6.2279","53.3682","20.0","Dublin                                                                          ","IE001C1                                           ","516255","Reporting within EoI/AirBase 8","31/12/2012 00:00:00","",""
"Ireland","","","IE0107A","","SPO-IE0107A_00005_100","PM10","Particulate matter < 10 µm (aerosol)","P1Y","Annual mean / 1 calendar year","2001","26.039","ug/m3","95.89","","Traffic","urban","-8.4750","51.9000","10.0","Cork                                                                            ","IE002C1                                           ","118713","Reporting within EoI/AirBase 8","31/12/2012 00:00:00","",""
"Ireland","NET.IE001","Ireland Air Quality e-Reporting monitoring network for compliance and informative reporting","IE0028A","Dublin Rathmines Wynnefield Road","SPO.IE.IE0028ASample2_5","PM10","Particulate matter < 10 µm (aerosol)","P1Y","Annual mean / 1 calendar year","2002","19.018","ug/m3","92.88","","Background","urban","-6.2781","53.3539","25.0","Dublin                                                                          ","IE001C1                                           ","516255","Reporting within EoI/AirBase 8","31/12/2012 00:00:00","",""
"Ireland","NET.IE001","Ireland Air Quality e-Reporting monitoring network for compliance and informative reporting","IE0095A","Dublin Phoenix Park Ordnance Survey Road","SPO.IE.IE0095ASample1_5","PM10","Particulate matter < 10 µm (aerosol)","P1Y","Annual mean / 1 calendar year","2002","15.181","ug/m3","72.60","","Background","suburban","-6.3490","53.3644","35.0","Dublin                                                                          ","IE001C1                                           ","516255","Reporting within EoI/AirBase 8","31/12/2012 00:00:00","",""
"Ireland","NET.IE001","Ireland Air Quality e-Reporting monitoring network for compliance and informative reporting","IE0110A","Cork Ballinlough Heatherton Park","SPO.IE.IE0110ASample1_5","PM10","Particulate matter < 10 µm (aerosol)","P1Y","Annual mean / 1 calendar year","2002","21.307","ug/m3","95.62","","Background","suburban","-8.4571","51.8819","12.0","Cork                                                                            ","IE002C1                                           ","118713","Reporting within EoI/AirBase 8","31/12/2012 00:00:00","",""
"Ireland","","","IE0025A","","SPO-IE0025A_00005_100","PM10","Particulate matter < 10 µm (aerosol)","P1Y","Annual mean / 1 calendar year","2002","37.197","ug/m3","86.30","","Traffic","urban","-6.2500","53.3300","10.0","Dublin                                                                          ","IE001C1                                           ","516255","Reporting within EoI/AirBase 8","31/12/2012 00:00:00","",""
"Ireland","NET.IE001","Ireland Air Quality e-Reporting monitoring network for compliance and informative reporting","IE0098A","Dublin Winetavern Street","SPO.IE.IE0098ASample2_5","PM10","Particulate matter < 10 µm (aerosol)","P1Y","Annual mean / 1 calendar year","2002","22.939","ug/m3","89.32","","Traffic","urban","-6.2889","53.3417","15.0","Dublin                                                                          ","IE001C1                                           ","516255","Reporting within EoI/AirBase 8","31/12/2012 00:00:00","",""
"Ireland","","","IE0105A","","SPO-IE0105A_00005_100","PM10","Particulate matter < 10 µm (aerosol)","P1Y","Annual mean / 1 calendar year","2002","20.633","ug/m3","82.19","","Traffic","urban","-6.2667","53.3472","20.0","Dublin                                                                          ","IE001C1                                           ","516255","Reporting within EoI/AirBase 8","31/12/2012 00:00:00","",""
"Ireland","","","IE0107A","","SPO-IE0107A_00005_100","PM10","Particulate matter < 10 µm (aerosol)","P1Y","Annual mean / 1 calendar year","2002","23.529","ug/m3","90.14","","Traffic","urban","-8.4750","51.9000","10.0","Cork                                                                            ","IE002C1                                           ","118713","Reporting within EoI/AirBase 8","31/12/2012 00:00:00","",""
"Ireland","NET.IE001","Ireland Air Quality e-Reporting monitoring network for compliance and informative reporting","IE0106A","Dublin Marino Brian Road","SPO-IE0106A_00005_100","PM10","Particulate matter < 10 µm (aerosol)","P1Y","Annual mean / 1 calendar year","2002","23.549","ug/m3","44.38","","Background","suburban","-6.2279","53.3682","20.0","Dublin                                                                          ","IE001C1                                           ","516255","Reporting within EoI/AirBase 8","31/12/2012 00:00:00","",""
"Ireland","","","IE0104A","","SPO-IE0104A_00005_100","PM10","Particulate matter < 10 µm (aerosol)","P1Y","Annual mean / 1 calendar year","2003","26.693","ug/m3","91.78","","Traffic","suburban","-9.0494","53.2819","40.0","Galway                                                                          ","IE004C1                                           ","73963","Reporting within EoI/AirBase 8","31/12/2012 00:00:00","",""
"Ireland","","","IE0025A","","SPO-IE0025A_00005_100","PM10","Particulate matter < 10 µm (aerosol)","P1Y","Annual mean / 1 calendar year","2003","40.343","ug/m3","84.66","","Traffic","urban","-6.2500","53.3300","10.0","Dublin                                                                          ","IE001C1                                           ","516255","Reporting within EoI/AirBase 8","31/12/2012 00:00:00","",""
"Ireland","NET.IE001","Ireland Air Quality e-Reporting monitoring network for compliance and informative reporting","IE0028A","Dublin Rathmines Wynnefield Road","SPO.IE.IE0028ASample2_5","PM10","Particulate matter < 10 µm (aerosol)","P1Y","Annual mean / 1 calendar year","2003","23.394","ug/m3","89.59","","Background","urban","-6.2781","53.3539","25.0","Dublin                                                                          ","IE001C1                                           ","516255","Reporting within EoI/AirBase 8","31/12/2012 00:00:00","",""
"Ireland","","","IE0105A","","SPO-IE0105A_00005_100","PM10","Particulate matter < 10 µm (aerosol)","P1Y","Annual mean / 1 calendar year","2003","28.505","ug/m3","87.40","","Traffic","urban","-6.2667","53.3472","20.0","Dublin                                                                          ","IE001C1                                           ","516255","Reporting within EoI/AirBase 8","31/12/2012 00:00:00","",""
"Ireland","NET.IE001","Ireland Air Quality e-Reporting monitoring network for compliance and informative reporting","IE0098A","Dublin Winetavern Street","SPO.IE.IE0098ASample2_5","PM10","Particulate matter < 10 µm (aerosol)","P1Y","Annual mean / 1 calendar year","2003","25.651","ug/m3","93.43","","Traffic","urban","-6.2889","53.3417","15.0","Dublin                                                                          ","IE001C1                                           ","516255","Reporting within EoI/AirBase 8","31/12/2012 00:00:00","",""
"Ireland","","","IE0107A","","SPO-IE0107A_00005_100","PM10","Particulate matter < 10 µm (aerosol)","P1Y","Annual mean / 1 calendar year","2003","25.674","ug/m3","93.15","","Traffic","urban","-8.4750","51.9000","10.0","Cork                                                                            ","IE002C1                                           ","118713","Reporting within EoI/AirBase 8","31/12/2012 00:00:00","",""
"Ireland","NET.IE001","Ireland Air Quality e-Reporting monitoring network for compliance and informative reporting","IE0095A","Dublin Phoenix Park Ordnance Survey Road","SPO.IE.IE0095ASample1_5","PM10","Particulate matter < 10 µm (aerosol)","P1Y","Annual mean / 1 calendar year","2003","13.883","ug/m3","81.92","","Background","suburban","-6.3490","53.3644","35.0","Dublin                                                                          ","IE001C1                                           ","516255","Reporting within EoI/AirBase 8","31/12/2012 00:00:00","",""
"Ireland","NET.IE001","Ireland Air Quality e-Reporting monitoring network for compliance and informative reporting","IE0110A","Cork Ballinlough Heatherton Park","SPO.IE.IE0110ASample1_5","PM10","Particulate matter < 10 µm (aerosol)","P1Y","Annual mean / 1 calendar year","2003","20.546","ug/m3","88.77","","Background","suburban","-8.4571","51.8819","12.0","Cork                                                                            ","IE002C1                                           ","118713","Reporting within EoI/AirBase 8","31/12/2012 00:00:00","",""
"Ireland","NET.IE001","Ireland Air Quality e-Reporting monitoring network for compliance and informative reporting","IE0036A","Dublin Ballyfermot Library","SPO.IE.IE0036ASample2_5","PM10","Particulate matter < 10 µm (aerosol)","P1Y","Annual mean / 1 calendar year","2003","18.794","ug/m3","27.95","","Background","suburban","-6.3523","53.3405","30.0","Dublin                                                                          ","IE001C1                                           ","516255","Reporting within EoI/AirBase 8","31/12/2012 00:00:00","",""
"Ireland","NET.IE001","Ireland Air Quality e-Reporting monitoring network for compliance and informative reporting","IE0106A","Dublin Marino Brian Road","SPO-IE0106A_00005_100","PM10","Particulate matter < 10 µm (aerosol)","P1Y","Annual mean / 1 calendar year","2003","23.240","ug/m3","74.25","","Background","suburban","-6.2279","53.3682","20.0","Dublin                                                                          ","IE001C1                                           ","516255","Reporting within EoI/AirBase 8","31/12/2012 00:00:00","",""
"Ireland","","","IE0117A","","SPO-IE0117A_00005_100","PM10","Particulate matter < 10 µm (aerosol)","P1Y","Annual mean / 1 calendar year","2004","25.630","ug/m3","19.40","","Traffic","suburban","-7.4770","52.9983","30.0","","","","Reporting within EoI/AirBase 8","31/12/2012 00:00:00","",""
"Ireland","","","IE0112A","","SPO-IE0112A_00005_100","PM10","Particulate matter < 10 µm (aerosol)","P1Y","Annual mean / 1 calendar year","2004","16.693","ug/m3","38.80","","Traffic","suburban","-6.9219","52.8336","","","","","Reporting within EoI/AirBase 8","31/12/2012 00:00:00","",""
"Ireland","","","IE0114A","","SPO-IE0114A_00005_100","PM10","Particulate matter < 10 µm (aerosol)","P1Y","Annual mean / 1 calendar year","2004","17.330","ug/m3","29.78","","Traffic","suburban","-6.6600","53.2197","","","","","Reporting within EoI/AirBase 8","31/12/2012 00:00:00","",""
"Ireland","","","IE0115A","","SPO-IE0115A_00005_100","PM10","Particulate matter < 10 µm (aerosol)","P1Y","Annual mean / 1 calendar year","2004","16.522","ug/m3","38.53","","Background","suburban","-9.6892","52.2708","","","","","Reporting within EoI/AirBase 8","31/12/2012 00:00:00","",""
"Ireland","NET.IE001","Ireland Air Quality e-Reporting monitoring network for compliance and informative reporting","IE0106A","Dublin Marino Brian Road","SPO-IE0106A_00005_100","PM10","Particulate matter < 10 µm (aerosol)","P1Y","Annual mean / 1 calendar year","2004","14.263","ug/m3","93.99","","Background","suburban","-6.2279","53.3682","20.0","Dublin                                                                          ","IE001C1                                           ","516255","Reporting within EoI/AirBase 8","31/12/2012 00:00:00","",""
"Ireland","NET.IE001","Ireland Air Quality e-Reporting monitoring network for compliance and informative reporting","IE0110A","Cork Ballinlough Heatherton Park","SPO.IE.IE0110ASample1_5","PM10","Particulate matter < 10 µm (aerosol)","P1Y","Annual mean / 1 calendar year","2004","18.671","ug/m3","82.24","","Background","suburban","-8.4571","51.8819","12.0","Cork                                                                            ","IE002C1                                           ","118713","Reporting within EoI/AirBase 8","31/12/2012 00:00:00","",""
"Ireland","","","IE0025A","","SPO-IE0025A_00005_100","PM10","Particulate matter < 10 µm (aerosol)","P1Y","Annual mean / 1 calendar year","2004","31.180","ug/m3","57.92","","Traffic","urban","-6.2500","53.3300","10.0","Dublin                                                                          ","IE001C1                                           ","516255","Reporting within EoI/AirBase 8","31/12/2012 00:00:00","",""
"Ireland","NET.IE001","Ireland Air Quality e-Reporting monitoring network for compliance and informative reporting","IE0028A","Dublin Rathmines Wynnefield Road","SPO.IE.IE0028ASample2_5","PM10","Particulate matter < 10 µm (aerosol)","P1Y","Annual mean / 1 calendar year","2004","16.794","ug/m3","90.16","","Background","urban","-6.2781","53.3539","25.0","Dublin                                                                          ","IE001C1                                           ","516255","Reporting within EoI/AirBase 8","31/12/2012 00:00:00","",""
"Ireland","NET.IE001","Ireland Air Quality e-Reporting monitoring network for compliance and informative reporting","IE0095A","Dublin Phoenix Park Ordnance Survey Road","SPO.IE.IE0095ASample1_5","PM10","Particulate matter < 10 µm (aerosol)","P1Y","Annual mean / 1 calendar year","2004","12.250","ug/m3","86.34","","Background","suburban","-6.3490","53.3644","35.0","Dublin                                                                          ","IE001C1                                           ","516255","Reporting within EoI/AirBase 8","31/12/2012 00:00:00","",""
"Ireland","","","IE0105A","","SPO-IE0105A_00005_100","PM10","Particulate matter < 10 µm (aerosol)","P1Y","Annual mean / 1 calendar year","2004","20.262","ug/m3","97.81","","Traffic","urban","-6.2667","53.3472","20.0","Dublin                                                                          ","IE001C1                                           ","516255","Reporting within EoI/AirBase 8","31/12/2012 00:00:00","",""
"Ireland","NET.IE001","Ireland Air Quality e-Reporting monitoring network for compliance and informative reporting","IE0036A","Dublin Ballyfermot Library","SPO.IE.IE0036ASample2_5","PM10","Particulate matter < 10 µm (aerosol)","P1Y","Annual mean / 1 calendar year","2004","14.314","ug/m3","94.26","","Background","suburban","-6.3523","53.3405","30.0","Dublin                                                                          ","IE001C1                                           ","516255","Reporting within EoI/AirBase 8","31/12/2012 00:00:00","",""
"Ireland","NET.IE001","Ireland Air Quality e-Reporting monitoring network for compliance and informative reporting","IE0098A","Dublin Winetavern Street","SPO.IE.IE0098ASample2_5","PM10","Particulate matter < 10 µm (aerosol)","P1Y","Annual mean / 1 calendar year","2004","20.075","ug/m3","95.63","","Traffic","urban","-6.2889","53.3417","15.0","Dublin                                                                          ","IE001C1                                           ","516255","Reporting within EoI/AirBase 8","31/12/2012 00:00:00","",""
"Ireland","","","IE0107A","","SPO-IE0107A_00005_100","PM10","Particulate matter < 10 µm (aerosol)","P1Y","Annual mean / 1 calendar year","2004","22.053","ug/m3","91.80","","Traffic","urban","-8.4750","51.9000","10.0","Cork                                                                            ","IE002C1                                           ","118713","Reporting within EoI/AirBase 8","31/12/2012 00:00:00","",""
"Ireland","","","IE0113A","","SPO-IE0113A_00005_100","PM10","Particulate matter < 10 µm (aerosol)","P1Y","Annual mean / 1 calendar year","2004","20.157","ug/m3","55.74","","Background","suburban","-7.6958","52.3561","","","","","Reporting within EoI/AirBase 8","31/12/2012 00:00:00","",""
"Ireland","","","IE0120A","","SPO-IE0120A_00005_100","PM10","Particulate matter < 10 µm (aerosol)","P1Y","Annual mean / 1 calendar year","2005","23.431","ug/m3","68.22","","Background","suburban","-6.4675","52.3411","","","","","Reporting within EoI/AirBase 8","31/12/2012 00:00:00","",""
"Ireland","NET.IE001","Ireland Air Quality e-Reporting monitoring network for compliance and informative reporting","IE0118A","Mayo Castlebar John Moore Road","SPO.IE.IE0118ASample2_5","PM10","Particulate matter < 10 µm (aerosol)","P1Y","Annual mean / 1 calendar year","2005","15.549","ug/m3","46.30","","Background","suburban","-9.2997","53.8511","39.0","","","","Reporting within EoI/AirBase 8","31/12/2012 00:00:00","",""
"Ireland","","","IE0119A","","SPO-IE0119A_00005_100","PM10","Particulate matter < 10 µm (aerosol)","P1Y","Annual mean / 1 calendar year","2005","12.757","ug/m3","40.27","","Background","suburban","-7.2592","52.6494","","","","","Reporting within EoI/AirBase 8","31/12/2012 00:00:00","",""
"Ireland","","","IE0105A","","SPO-IE0105A_00005_100","PM10","Particulate matter < 10 µm (aerosol)","P1Y","Annual mean / 1 calendar year","2005","20.275","ug/m3","94.25","","Traffic","urban","-6.2667","53.3472","20.0","Dublin                                                                          ","IE001C1                                           ","516255","Reporting within EoI/AirBase 8","31/12/2012 00:00:00","",""
"Ireland","","","IE0107A","","SPO-IE0107A_00005_100","PM10","Particulate matter < 10 µm (aerosol)","P1Y","Annual mean / 1 calendar year","2005","19.185","ug/m3","87.12","","Traffic","urban","-8.4750","51.9000","10.0","Cork                                                                            ","IE002C1                                           ","118713","Reporting within EoI/AirBase 8","31/12/2012 00:00:00","",""
"Ireland","NET.IE001","Ireland Air Quality e-Reporting monitoring network for compliance and informative reporting","IE0028A","Dublin Rathmines Wynnefield Road","SPO.IE.IE0028ASample2_5","PM10","Particulate matter < 10 µm (aerosol)","P1Y","Annual mean / 1 calendar year","2005","18.929","ug/m3","97.81","","Background","urban","-6.2781","53.3539","25.0","Dublin                                                                          ","IE001C1                                           ","516255","Reporting within EoI/AirBase 8","31/12/2012 00:00:00","",""
"Ireland","NET.IE001","Ireland Air Quality e-Reporting monitoring network for compliance and informative reporting","IE0095A","Dublin Phoenix Park Ordnance Survey Road","SPO.IE.IE0095ASample1_5","PM10","Particulate matter < 10 µm (aerosol)","P1Y","Annual mean / 1 calendar year","2005","12.124","ug/m3","89.59","","Background","suburban","-6.3490","53.3644","35.0","Dublin                                                                          ","IE001C1                                           ","516255","Reporting within EoI/AirBase 8","31/12/2012 00:00:00","",""
"Ireland","NET.IE001","Ireland Air Quality e-Reporting monitoring network for compliance and informative reporting","IE0110A","Cork Ballinlough Heatherton Park","SPO.IE.IE0110ASample1_5","PM10","Particulate matter < 10 µm (aerosol)","P1Y","Annual mean / 1 calendar year","2005","17.271","ug/m3","74.52","","Background","suburban","-8.4571","51.8819","12.0","Cork                                                                            ","IE002C1                                           ","118713","Reporting within EoI/AirBase 8","31/12/2012 00:00:00","",""
"Ireland","NET.IE001","Ireland Air Quality e-Reporting monitoring network for compliance and informative reporting","IE0098A","Dublin Winetavern Street","SPO.IE.IE0098ASample2_5","PM10","Particulate matter < 10 µm (aerosol)","P1Y","Annual mean / 1 calendar year","2005","19.270","ug/m3","91.23","","Traffic","urban","-6.2889","53.3417","15.0","Dublin                                                                          ","IE001C1                                           ","516255","Reporting within EoI/AirBase 8","31/12/2012 00:00:00","",""
"Ireland","NET.IE001","Ireland Air Quality e-Reporting monitoring network for compliance and informative reporting","IE0036A","Dublin Ballyfermot Library","SPO.IE.IE0036ASample2_5","PM10","Particulate matter < 10 µm (aerosol)","P1Y","Annual mean / 1 calendar year","2005","15.063","ug/m3","92.06","","Background","suburban","-6.3523","53.3405","30.0","Dublin                                                                          ","IE001C1                                           ","516255","Reporting within EoI/AirBase 8","31/12/2012 00:00:00","",""
"Ireland","","","IE0104A","","SPO-IE0104A_00005_100","PM10","Particulate matter < 10 µm (aerosol)","P1Y","Annual mean / 1 calendar year","2005","18.801","ug/m3","87.95","","Traffic","suburban","-9.0494","53.2819","40.0","Galway                                                                          ","IE004C1                                           ","73963","Reporting within EoI/AirBase 8","31/12/2012 00:00:00","",""
"Ireland","NET.IE001","Ireland Air Quality e-Reporting monitoring network for compliance and informative reporting","IE0106A","Dublin Marino Brian Road","SPO-IE0106A_00005_100","PM10","Particulate matter < 10 µm (aerosol)","P1Y","Annual mean / 1 calendar year","2005","14.315","ug/m3","98.63","","Background","suburban","-6.2279","53.3682","20.0","Dublin                                                                          ","IE001C1                                           ","516255","Reporting within EoI/AirBase 8","31/12/2012 00:00:00","",""
"Ireland","","","IE0117A","","SPO-IE0117A_00005_100","PM10","Particulate matter < 10 µm (aerosol)","P1Y","Annual mean / 1 calendar year","2005","16.611","ug/m3","43.84","","Traffic","suburban","-7.4770","52.9983","30.0","","","","Reporting within EoI/AirBase 8","31/12/2012 00:00:00","",""
"Ireland","","","IE0116A","","SPO-IE0116A_00005_100","PM10","Particulate matter < 10 µm (aerosol)","P1Y","Annual mean / 1 calendar year","2005","16.758","ug/m3","90.14","","Industrial","rural","-6.3158","53.7000","20.0","","","","Reporting within EoI/AirBase 8","31/12/2012 00:00:00","",""
"Ireland","","","IE0120A","","SPO-IE0120A_00005_100","PM10","Particulate matter < 10 µm (aerosol)","P1Y","Annual mean / 1 calendar year","2006","32.022","ug/m3","19.45","","Background","suburban","-6.4675","52.3411","","","","","Reporting within EoI/AirBase 8","31/12/2012 00:00:00","",""
"Ireland","","","IE0116A","","SPO-IE0116A_00005_100","PM10","Particulate matter < 10 µm (aerosol)","P1Y","Annual mean / 1 calendar year","2006","19.384","ug/m3","56.99","","Industrial","rural","-6.3158","53.7000","20.0","","","","Reporting within EoI/AirBase 8","31/12/2012 00:00:00","",""
"Ireland","","","IE0123A","","SPO-IE0123A_00005_100","PM10","Particulate matter < 10 µm (aerosol)","P1Y","Annual mean / 1 calendar year","2006","22.667","ug/m3","28.49","","Traffic","suburban","-6.1120","53.1997","","","","","Reporting within EoI/AirBase 8","31/12/2012 00:00:00","",""
"Ireland","NET.IE001","Ireland Air Quality e-Reporting monitoring network for compliance and informative reporting","IE0090A","Monaghan Kilkitt Waterworks","SPO.IE.IE0090ASample2_5","PM10","Particulate matter < 10 µm (aerosol)","P1Y","Annual mean / 1 calendar year","2006","10.162","ug/m3","71.23","","Background","rural","-6.8831","54.0661","170.0","","","","Reporting within EoI/AirBase 8","31/12/2012 00:00:00","",""
"Ireland","","","IE0107A","","SPO-IE0107A_00005_100","PM10","Particulate matter < 10 µm (aerosol)","P1Y","Annual mean / 1 calendar year","2006","15.886","ug/m3","89.86","","Traffic","urban","-8.4750","51.9000","10.0","Cork                                                                            ","IE002C1                                           ","118713","Reporting within EoI/AirBase 8","31/12/2012 00:00:00","",""
"Ireland","NET.IE001","Ireland Air Quality e-Reporting monitoring network for compliance and informative reporting","IE0028A","Dublin Rathmines Wynnefield Road","SPO.IE.IE0028ASample2_5","PM10","Particulate matter < 10 µm (aerosol)","P1Y","Annual mean / 1 calendar year","2006","19.291","ug/m3","93.70","","Background","urban","-6.2781","53.3539","25.0","Dublin                                                                          ","IE001C1                                           ","516255","Reporting within EoI/AirBase 8","31/12/2012 00:00:00","",""
"Ireland","NET.IE001","Ireland Air Quality e-Reporting monitoring network for compliance and informative reporting","IE0125A","Galway City Bodkin Roundabout","SPO.IE.IE0125ASample1_5","PM10","Particulate matter < 10 µm (aerosol)","P1Y","Annual mean / 1 calendar year","2006","13.344","ug/m3","43.84","","Traffic","suburban","-9.0492","53.2817","7.0","Galway                                                                          ","IE004C1                                           ","73963","Reporting within EoI/AirBase 8","31/12/2012 00:00:00","",""
"Ireland","NET.IE001","Ireland Air Quality e-Reporting monitoring network for compliance and informative reporting","IE0106A","Dublin Marino Brian Road","SPO-IE0106A_00005_100","PM10","Particulate matter < 10 µm (aerosol)","P1Y","Annual mean / 1 calendar year","2006","15.567","ug/m3","96.44","","Background","suburban","-6.2279","53.3682","20.0","Dublin                                                                          ","IE001C1                                           ","516255","Reporting within EoI/AirBase 8","31/12/2012 00:00:00","",""
"Ireland","NET.IE001","Ireland Air Quality e-Reporting monitoring network for compliance and informative reporting","IE0110A","Cork Ballinlough Heatherton Park","SPO.IE.IE0110ASample1_5","PM10","Particulate matter < 10 µm (aerosol)","P1Y","Annual mean / 1 calendar year","2006","18.089","ug/m3","77.81","","Background","suburban","-8.4571","51.8819","12.0","Cork                                                                            ","IE002C1                                           ","118713","Reporting within EoI/AirBase 8","31/12/2012 00:00:00","",""
"Ireland","NET.IE001","Ireland Air Quality e-Reporting monitoring network for compliance and informative reporting","IE0098A","Dublin Winetavern Street","SPO.IE.IE0098ASample2_5","PM10","Particulate matter < 10 µm (aerosol)","P1Y","Annual mean / 1 calendar year","2006","19.966","ug/m3","90.69","","Traffic","urban","-6.2889","53.3417","15.0","Dublin                                                                          ","IE001C1                                           ","516255","Reporting within EoI/AirBase 8","31/12/2012 00:00:00","",""
"Ireland","NET.IE001","Ireland Air Quality e-Reporting monitoring network for compliance and informative reporting","IE0118A","Mayo Castlebar John Moore Road","SPO.IE.IE0118ASample2_5","PM10","Particulate matter < 10 µm (aerosol)","P1Y","Annual mean / 1 calendar year","2006","16.170","ug/m3","81.92","","Background","suburban","-9.2997","53.8511","39.0","","","","Reporting within EoI/AirBase 8","31/12/2012 00:00:00","",""
"Ireland","","","IE0104A","","SPO-IE0104A_00005_100","PM10","Particulate matter < 10 µm (aerosol)","P1Y","Annual mean / 1 calendar year","2006","23.431","ug/m3","27.95","","Traffic","suburban","-9.0494","53.2819","40.0","Galway                                                                          ","IE004C1                                           ","73963","Reporting within EoI/AirBase 8","31/12/2012 00:00:00","",""
"Ireland","NET.IE001","Ireland Air Quality e-Reporting monitoring network for compliance and informative reporting","IE0036A","Dublin Ballyfermot Library","SPO.IE.IE0036ASample2_5","PM10","Particulate matter < 10 µm (aerosol)","P1Y","Annual mean / 1 calendar year","2006","17.181","ug/m3","92.60","","Background","suburban","-6.3523","53.3405","30.0","Dublin                                                                          ","IE001C1                                           ","516255","Reporting within EoI/AirBase 8","31/12/2012 00:00:00","",""
"Ireland","","","IE0105A","","SPO-IE0105A_00005_100","PM10","Particulate matter < 10 µm (aerosol)","P1Y","Annual mean / 1 calendar year","2006","21.178","ug/m3","90.96","","Traffic","urban","-6.2667","53.3472","20.0","Dublin                                                                          ","IE001C1                                           ","516255","Reporting within EoI/AirBase 8","31/12/2012 00:00:00","",""
"Ireland","NET.IE001","Ireland Air Quality e-Reporting monitoring network for compliance and informative reporting","IE0095A","Dublin Phoenix Park Ordnance Survey Road","SPO.IE.IE0095ASample1_5","PM10","Particulate matter < 10 µm (aerosol)","P1Y","Annual mean / 1 calendar year","2006","13.520","ug/m3","86.58","","Background","suburban","-6.3490","53.3644","35.0","Dublin                                                                          ","IE001C1                                           ","516255","Reporting within EoI/AirBase 8","31/12/2012 00:00:00","",""
"Ireland","","","IE0124A","","SPO-IE0124A_00005_100","PM10","Particulate matter < 10 µm (aerosol)","P1Y","Annual mean / 1 calendar year","2006","16.528","ug/m3","16.71","","Background","rural","-7.8297","53.2675","","","","","Reporting within EoI/AirBase 8","31/12/2012 00:00:00","",""
"Ireland","","","IE0122A","","SPO-IE0122A_00005_100","PM10","Particulate matter < 10 µm (aerosol)","P1Y","Annual mean / 1 calendar year","2006","25.124","ug/m3","74.52","","Background","suburban","-8.9989","52.8431","","","","","Reporting within EoI/AirBase 8","31/12/2012 00:00:00","",""
"Ireland","","","IE0124A","","SPO-IE0124A_00005_100","PM10","Particulate matter < 10 µm (aerosol)","P1Y","Annual mean / 1 calendar year","2007","20.496","ug/m3","23.84","","Background","rural","-7.8297","53.2675","","","","","Reporting within EoI/AirBase 8","31/12/2012 00:00:00","",""
"Ireland","","","IE0130A","","SPO-IE0130A_00005_100","PM10","Particulate matter < 10 µm (aerosol)","P1Y","Annual mean / 1 calendar year","2007","17.239","ug/m3","19.45","","Background","rural","-8.3944","51.8422","","","","","Reporting within EoI/AirBase 8","31/12/2012 00:00:00","",""
"Ireland","","","IE0126A","","SPO-IE0126A_00005_100","PM10","Particulate matter < 10 µm (aerosol)","P1Y","Annual mean / 1 calendar year","2007","18.366","ug/m3","93.43","","Background","rural","-6.3194","53.7314","22.0","","","","Reporting within EoI/AirBase 8","31/12/2012 00:00:00","",""
"Ireland","","","IE0122A","","SPO-IE0122A_00005_100","PM10","Particulate matter < 10 µm (aerosol)","P1Y","Annual mean / 1 calendar year","2007","36.061","ug/m3","24.11","","Background","suburban","-8.9989","52.8431","","","","","Reporting within EoI/AirBase 8","31/12/2012 00:00:00","",""
"Ireland","NET.IE001","Ireland Air Quality e-Reporting monitoring network for compliance and informative reporting","IE0118A","Mayo Castlebar John Moore Road","SPO.IE.IE0118ASample2_5","PM10","Particulate matter < 10 µm (aerosol)","P1Y","Annual mean / 1 calendar year","2007","14.331","ug/m3","92.06","","Background","suburban","-9.2997","53.8511","39.0","","","","Reporting within EoI/AirBase 8","31/12/2012 00:00:00","",""
"Ireland","NET.IE001","Ireland Air Quality e-Reporting monitoring network for compliance and informative reporting","IE0090A","Monaghan Kilkitt Waterworks","SPO.IE.IE0090ASample2_5","PM10","Particulate matter < 10 µm (aerosol)","P1Y","Annual mean / 1 calendar year","2007","10.095","ug/m3","80.27","","Background","rural","-6.8831","54.0661","170.0","","","","Reporting within EoI/AirBase 8","31/12/2012 00:00:00","",""
"Ireland","NET.IE001","Ireland Air Quality e-Reporting monitoring network for compliance and informative reporting","IE0098A","Dublin Winetavern Street","SPO.IE.IE0098ASample2_5","PM10","Particulate matter < 10 µm (aerosol)","P1Y","Annual mean / 1 calendar year","2007","18.301","ug/m3","96.71","","Traffic","urban","-6.2889","53.3417","15.0","Dublin                                                                          ","IE001C1                                           ","516255","Reporting within EoI/AirBase 8","31/12/2012 00:00:00","",""
"Ireland","NET.IE001","Ireland Air Quality e-Reporting monitoring network for compliance and informative reporting","IE0106A","Dublin Marino Brian Road","SPO-IE0106A_00005_100","PM10","Particulate matter < 10 µm (aerosol)","P1Y","Annual mean / 1 calendar year","2007","13.411","ug/m3","96.44","","Background","suburban","-6.2279","53.3682","20.0","Dublin                                                                          ","IE001C1                                           ","516255","Reporting within EoI/AirBase 8","31/12/2012 00:00:00","",""
"Ireland","NET.IE001","Ireland Air Quality e-Reporting monitoring network for compliance and informative reporting","IE0110A","Cork Ballinlough Heatherton Park","SPO.IE.IE0110ASample1_5","PM10","Particulate matter < 10 µm (aerosol)","P1Y","Annual mean / 1 calendar year","2007","16.669","ug/m3","94.52","","Background","suburban","-8.4571","51.8819","12.0","Cork                                                                            ","IE002C1                                           ","118713","Reporting within EoI/AirBase 8","31/12/2012 00:00:00","",""
"Ireland","","","IE0128A","","SPO-IE0128A_00005_100","PM10","Particulate matter < 10 µm (aerosol)","P1Y","Annual mean / 1 calendar year","2007","24.550","ug/m3","82.19","","Traffic","suburban","-7.1061","52.2597","","Waterford                                                                       ","IE005C1                                           ","46583","Reporting within EoI/AirBase 8","31/12/2012 00:00:00","",""
"Ireland","NET.IE001","Ireland Air Quality e-Reporting monitoring network for compliance and informative reporting","IE0095A","Dublin Phoenix Park Ordnance Survey Road","SPO.IE.IE0095ASample1_5","PM10","Particulate matter < 10 µm (aerosol)","P1Y","Annual mean / 1 calendar year","2007","11.715","ug/m3","85.75","","Background","suburban","-6.3490","53.3644","35.0","Dublin                                                                          ","IE001C1                                           ","516255","Reporting within EoI/AirBase 8","31/12/2012 00:00:00","",""
"Ireland","","","IE0105A","","SPO-IE0105A_00005_100","PM10","Particulate matter < 10 µm (aerosol)","P1Y","Annual mean / 1 calendar year","2007","18.426","ug/m3","95.07","","Traffic","urban","-6.2667","53.3472","20.0","Dublin                                                                          ","IE001C1                                           ","516255","Reporting within EoI/AirBase 8","31/12/2012 00:00:00","",""
"Ireland","","","IE0107A","","SPO-IE0107A_00005_100","PM10","Particulate matter < 10 µm (aerosol)","P1Y","Annual mean / 1 calendar year","2007","14.527","ug/m3","90.96","","Traffic","urban","-8.4750","51.9000","10.0","Cork                                                                            ","IE002C1                                           ","118713","Reporting within EoI/AirBase 8","31/12/2012 00:00:00","",""
"Ireland","NET.IE001","Ireland Air Quality e-Reporting monitoring network for compliance and informative reporting","IE0036A","Dublin Ballyfermot Library","SPO.IE.IE0036ASample2_5","PM10","Particulate matter < 10 µm (aerosol)","P1Y","Annual mean / 1 calendar year","2007","14.824","ug/m3","70.69","","Background","suburban","-6.3523","53.3405","30.0","Dublin                                                                          ","IE001C1                                           ","516255","Reporting within EoI/AirBase 8","31/12/2012 00:00:00","",""
"Ireland","NET.IE001","Ireland Air Quality e-Reporting monitoring network for compliance and informative reporting","IE0028A","Dublin Rathmines Wynnefield Road","SPO.IE.IE0028ASample2_5","PM10","Particulate matter < 10 µm (aerosol)","P1Y","Annual mean / 1 calendar year","2007","18.618","ug/m3","88.22","","Background","urban","-6.2781","53.3539","25.0","Dublin                                                                          ","IE001C1                                           ","516255","Reporting within EoI/AirBase 8","31/12/2012 00:00:00","",""
"Ireland","","","IE0129A","","SPO-IE0129A_00005_100","PM10","Particulate matter < 10 µm (aerosol)","P1Y","Annual mean / 1 calendar year","2007","22.125","ug/m3","24.66","","Traffic","suburban","-6.6875","53.6586","","","","","Reporting within EoI/AirBase 8","31/12/2012 00:00:00","",""
"Ireland","NET.IE001","Ireland Air Quality e-Reporting monitoring network for compliance and informative reporting","IE0125A","Galway City Bodkin Roundabout","SPO.IE.IE0125ASample1_5","PM10","Particulate matter < 10 µm (aerosol)","P1Y","Annual mean / 1 calendar year","2007","15.886","ug/m3","76.99","","Traffic","suburban","-9.0492","53.2817","7.0","Galway                                                                          ","IE004C1                                           ","73963","Reporting within EoI/AirBase 8","31/12/2012 00:00:00","",""
"Ireland","NET.IE001","Ireland Air Quality e-Reporting monitoring network for compliance and informative reporting","IE0131A","Dublin Blanchardstown River Road","SPO.IE.IE0131ASample2_5","PM10","Particulate matter < 10 µm (aerosol)","P1Y","Annual mean / 1 calendar year","2008","16.643","ug/m3","84.97","","Traffic","suburban","-6.3699","53.3856","10.0","","","","Reporting within EoI/AirBase 8","31/12/2012 00:00:00","",""
"Ireland","","","IE0133A","","SPO-IE0133A_00005_100","PM10","Particulate matter < 10 µm (aerosol)","P1Y","Annual mean / 1 calendar year","2008","17.020","ug/m3","54.65","","Background","suburban","-6.2661","53.2519","","","","","Reporting within EoI/AirBase 8","31/12/2012 00:00:00","",""
"Ireland","NET.IE001","Ireland Air Quality e-Reporting monitoring network for compliance and informative reporting","IE0132A","Dublin Dun Laoghaire The Glen","SPO.IE.IE0132ASample2_5","PM10","Particulate matter < 10 µm (aerosol)","P1Y","Annual mean / 1 calendar year","2008","15.076","ug/m3","92.08","","Background","suburban","-6.1319","53.2858","10.0","","","","Reporting within EoI/AirBase 8","31/12/2012 00:00:00","",""
"Ireland","NET.IE001","Ireland Air Quality e-Reporting monitoring network for compliance and informative reporting","IE0136A","Dublin Tallaght Old Bawn Road","SPO.IE.IE0136ASample2_5","PM10","Particulate matter < 10 µm (aerosol)","P1Y","Annual mean / 1 calendar year","2008","13.187","ug/m3","83.61","","Background","suburban","-6.3588","53.2805","10.0","","","","Reporting within EoI/AirBase 8","31/12/2012 00:00:00","",""
"Ireland","","","IE0126A","","SPO-IE0126A_00005_100","PM10","Particulate matter < 10 µm (aerosol)","P1Y","Annual mean / 1 calendar year","2008","17.103","ug/m3","88.53","","Background","rural","-6.3194","53.7314","22.0","","","","Reporting within EoI/AirBase 8","31/12/2012 00:00:00","",""
"Ireland","","","IE0134A","","SPO-IE0134A_00005_100","PM10","Particulate matter < 10 µm (aerosol)","P1Y","Annual mean / 1 calendar year","2008","19.789","ug/m3","45.08","","Background","suburban","-7.7380","54.9589","","","","","Reporting within EoI/AirBase 8","31/12/2012 00:00:00","",""
"Ireland","NET.IE001","Ireland Air Quality e-Reporting monitoring network for compliance and informative reporting","IE0118A","Mayo Castlebar John Moore Road","SPO.IE.IE0118ASample2_5","PM10","Particulate matter < 10 µm (aerosol)","P1Y","Annual mean / 1 calendar year","2008","15.590","ug/m3","68.58","","Background","suburban","-9.2997","53.8511","39.0","","","","Reporting within EoI/AirBase 8","31/12/2012 00:00:00","",""
"Ireland","NET.IE001","Ireland Air Quality e-Reporting monitoring network for compliance and informative reporting","IE0098A","Dublin Winetavern Street","SPO.IE.IE0098ASample2_5","PM10","Particulate matter < 10 µm (aerosol)","P1Y","Annual mean / 1 calendar year","2008","17.504","ug/m3","90.16","","Traffic","urban","-6.2889","53.3417","15.0","Dublin                                                                          ","IE001C1                                           ","516255","Reporting within EoI/AirBase 8","31/12/2012 00:00:00","",""
"Ireland","NET.IE001","Ireland Air Quality e-Reporting monitoring network for compliance and informative reporting","IE0036A","Dublin Ballyfermot Library","SPO.IE.IE0036ASample2_5","PM10","Particulate matter < 10 µm (aerosol)","P1Y","Annual mean / 1 calendar year","2008","11.637","ug/m3","59.84","","Background","suburban","-6.3523","53.3405","30.0","Dublin                                                                          ","IE001C1                                           ","516255","Reporting within EoI/AirBase 8","31/12/2012 00:00:00","",""
"Ireland","NET.IE001","Ireland Air Quality e-Reporting monitoring network for compliance and informative reporting","IE0028A","Dublin Rathmines Wynnefield Road","SPO.IE.IE0028ASample2_5","PM10","Particulate matter < 10 µm (aerosol)","P1Y","Annual mean / 1 calendar year","2008","16.908","ug/m3","96.72","","Background","urban","-6.2781","53.3539","25.0","Dublin                                                                          ","IE001C1                                           ","516255","Reporting within EoI/AirBase 8","31/12/2012 00:00:00","",""
"Ireland","NET.IE001","Ireland Air Quality e-Reporting monitoring network for compliance and informative reporting","IE0095A","Dublin Phoenix Park Ordnance Survey Road","SPO.IE.IE0095ASample1_5","PM10","Particulate matter < 10 µm (aerosol)","P1Y","Annual mean / 1 calendar year","2008","10.750","ug/m3","92.90","","Background","suburban","-6.3490","53.3644","35.0","Dublin                                                                          ","IE001C1                                           ","516255","Reporting within EoI/AirBase 8","31/12/2012 00:00:00","",""
"Ireland","","","IE0105A","","SPO-IE0105A_00005_100","PM10","Particulate matter < 10 µm (aerosol)","P1Y","Annual mean / 1 calendar year","2008","18.556","ug/m3","95.90","","Traffic","urban","-6.2667","53.3472","20.0","Dublin                                                                          ","IE001C1                                           ","516255","Reporting within EoI/AirBase 8","31/12/2012 00:00:00","",""
"Ireland","NET.IE001","Ireland Air Quality e-Reporting monitoring network for compliance and informative reporting","IE0106A","Dublin Marino Brian Road","SPO-IE0106A_00005_100","PM10","Particulate matter < 10 µm (aerosol)","P1Y","Annual mean / 1 calendar year","2008","12.621","ug/m3","94.54","","Background","suburban","-6.2279","53.3682","20.0","Dublin                                                                          ","IE001C1                                           ","516255","Reporting within EoI/AirBase 8","31/12/2012 00:00:00","",""
"Ireland","NET.IE001","Ireland Air Quality e-Reporting monitoring network for compliance and informative reporting","IE0090A","Monaghan Kilkitt Waterworks","SPO.IE.IE0090ASample2_5","PM10","Particulate matter < 10 µm (aerosol)","P1Y","Annual mean / 1 calendar year","2008","10.074","ug/m3","85.52","","Background","rural","-6.8831","54.0661","170.0","","","","Reporting within EoI/AirBase 8","31/12/2012 00:00:00","",""
"Ireland","NET.IE001","Ireland Air Quality e-Reporting monitoring network for compliance and informative reporting","IE0110A","Cork Ballinlough Heatherton Park","SPO.IE.IE0110ASample1_5","PM10","Particulate matter < 10 µm (aerosol)","P1Y","Annual mean / 1 calendar year","2008","14.886","ug/m3","94.81","","Background","suburban","-8.4571","51.8819","12.0","Cork                                                                            ","IE002C1                                           ","118713","Reporting within EoI/AirBase 8","31/12/2012 00:00:00","",""
"Ireland","","","IE0107A","","SPO-IE0107A_00005_100","PM10","Particulate matter < 10 µm (aerosol)","P1Y","Annual mean / 1 calendar year","2008","15.606","ug/m3","89.89","","Traffic","urban","-8.4750","51.9000","10.0","Cork                                                                            ","IE002C1                                           ","118713","Reporting within EoI/AirBase 8","31/12/2012 00:00:00","",""
"Ireland","NET.IE001","Ireland Air Quality e-Reporting monitoring network for compliance and informative reporting","IE0125A","Galway City Bodkin Roundabout","SPO.IE.IE0125ASample1_5","PM10","Particulate matter < 10 µm (aerosol)","P1Y","Annual mean / 1 calendar year","2008","17.741","ug/m3","66.39","","Traffic","suburban","-9.0492","53.2817","7.0","Galway                                                                          ","IE004C1                                           ","73963","Reporting within EoI/AirBase 8","31/12/2012 00:00:00","",""
"Ireland","NET.IE001","Ireland Air Quality e-Reporting monitoring network for compliance and informative reporting","IE0136A","Dublin Tallaght Old Bawn Road","SPO.IE.IE0136ASample2_5","PM10","Particulate matter < 10 µm (aerosol)","P1Y","Annual mean / 1 calendar year","2009","11.544","ug/m3","74.80","","Background","suburban","-6.3588","53.2805","10.0","","","","Reporting within EoI/AirBase 8","31/12/2012 00:00:00","",""
"Ireland","NET.IE001","Ireland Air Quality e-Reporting monitoring network for compliance and informative reporting","IE0131A","Dublin Blanchardstown River Road","SPO.IE.IE0131ASample2_5","PM10","Particulate matter < 10 µm (aerosol)","P1Y","Annual mean / 1 calendar year","2009","19.728","ug/m3","49.32","","Traffic","suburban","-6.3699","53.3856","10.0","","","","Reporting within EoI/AirBase 8","31/12/2012 00:00:00","",""
"Ireland","","","IE0134A","","SPO-IE0134A_00005_100","PM10","Particulate matter < 10 µm (aerosol)","P1Y","Annual mean / 1 calendar year","2009","16.006","ug/m3","47.12","","Background","suburban","-7.7380","54.9589","","","","","Reporting within EoI/AirBase 8","31/12/2012 00:00:00","",""
"Ireland","","","IE0138A","","SPO-IE0138A_00005_100","PM10","Particulate matter < 10 µm (aerosol)","P1Y","Annual mean / 1 calendar year","2009","13.578","ug/m3","21.92","","Background","suburban","-6.7958","53.1894","","","","","Reporting within EoI/AirBase 8","31/12/2012 00:00:00","",""
"Ireland","NET.IE001","Ireland Air Quality e-Reporting monitoring network for compliance and informative reporting","IE0137A","Clare Ennis Simms Lane","SPO.IE.IE0137ASample2_5","PM10","Particulate matter < 10 µm (aerosol)","P1Y","Annual mean / 1 calendar year","2009","15.748","ug/m3","59.73","","Background","suburban","-8.5919","52.5035","65.0","","","","Reporting within EoI/AirBase 8","31/12/2012 00:00:00","",""
"Ireland","","","IE0126A","","SPO-IE0126A_00005_100","PM10","Particulate matter < 10 µm (aerosol)","P1Y","Annual mean / 1 calendar year","2009","19.177","ug/m3","53.97","","Background","rural","-6.3194","53.7314","22.0","","","","Reporting within EoI/AirBase 8","31/12/2012 00:00:00","",""
"Ireland","NET.IE001","Ireland Air Quality e-Reporting monitoring network for compliance and informative reporting","IE0090A","Monaghan Kilkitt Waterworks","SPO.IE.IE0090ASample2_5","PM10","Particulate matter < 10 µm (aerosol)","P1Y","Annual mean / 1 calendar year","2009","7.552","ug/m3","89.59","","Background","rural","-6.8831","54.0661","170.0","","","","Reporting within EoI/AirBase 8","31/12/2012 00:00:00","",""
"Ireland","NET.IE001","Ireland Air Quality e-Reporting monitoring network for compliance and informative reporting","IE0098A","Dublin Winetavern Street","SPO.IE.IE0098ASample2_5","PM10","Particulate matter < 10 µm (aerosol)","P1Y","Annual mean / 1 calendar year","2009","17.286","ug/m3","93.43","","Traffic","urban","-6.2889","53.3417","15.0","Dublin                                                                          ","IE001C1                                           ","516255","Reporting within EoI/AirBase 8","31/12/2012 00:00:00","",""
"Ireland","NET.IE001","Ireland Air Quality e-Reporting monitoring network for compliance and informative reporting","IE0095A","Dublin Phoenix Park Ordnance Survey Road","SPO.IE.IE0095ASample1_5","PM10","Particulate matter < 10 µm (aerosol)","P1Y","Annual mean / 1 calendar year","2009","10.186","ug/m3","96.71","","Background","suburban","-6.3490","53.3644","35.0","Dublin                                                                          ","IE001C1                                           ","516255","Reporting within EoI/AirBase 8","31/12/2012 00:00:00","",""
"Ireland","NET.IE001","Ireland Air Quality e-Reporting monitoring network for compliance and informative reporting","IE0036A","Dublin Ballyfermot Library","SPO.IE.IE0036ASample2_5","PM10","Particulate matter < 10 µm (aerosol)","P1Y","Annual mean / 1 calendar year","2009","12.439","ug/m3","93.97","","Background","suburban","-6.3523","53.3405","30.0","Dublin                                                                          ","IE001C1                                           ","516255","Reporting within EoI/AirBase 8","31/12/2012 00:00:00","",""
"Ireland","NET.IE001","Ireland Air Quality e-Reporting monitoring network for compliance and informative reporting","IE0125A","Galway City Bodkin Roundabout","SPO.IE.IE0125ASample1_5","PM10","Particulate matter < 10 µm (aerosol)","P1Y","Annual mean / 1 calendar year","2009","13.961","ug/m3","76.71","","Traffic","suburban","-9.0492","53.2817","7.0","Galway                                                                          ","IE004C1                                           ","73963","Reporting within EoI/AirBase 8","31/12/2012 00:00:00","",""
"Ireland","","","IE0135A","","SPO-IE0135A_00005_100","PM10","Particulate matter < 10 µm (aerosol)","P1Y","Annual mean / 1 calendar year","2009","14.404","ug/m3","67.40","","Background","urban","-6.2142","53.3415","","Dublin                                                                          ","IE001C1                                           ","516255","Reporting within EoI/AirBase 8","31/12/2012 00:00:00","",""
"Ireland","NET.IE001","Ireland Air Quality e-Reporting monitoring network for compliance and informative reporting","IE0118A","Mayo Castlebar John Moore Road","SPO.IE.IE0118ASample2_5","PM10","Particulate matter < 10 µm (aerosol)","P1Y","Annual mean / 1 calendar year","2009","13.194","ug/m3","96.16","","Background","suburban","-9.2997","53.8511","39.0","","","","Reporting within EoI/AirBase 8","31/12/2012 00:00:00","",""
"Ireland","","","IE0107A","","SPO-IE0107A_00005_100","PM10","Particulate matter < 10 µm (aerosol)","P1Y","Annual mean / 1 calendar year","2009","18.166","ug/m3","95.34","","Traffic","urban","-8.4750","51.9000","10.0","Cork                                                                            ","IE002C1                                           ","118713","Reporting within EoI/AirBase 8","31/12/2012 00:00:00","",""
"Ireland","NET.IE001","Ireland Air Quality e-Reporting monitoring network for compliance and informative reporting","IE0028A","Dublin Rathmines Wynnefield Road","SPO.IE.IE0028ASample2_5","PM10","Particulate matter < 10 µm (aerosol)","P1Y","Annual mean / 1 calendar year","2009","14.740","ug/m3","93.97","","Background","urban","-6.2781","53.3539","25.0","Dublin                                                                          ","IE001C1                                           ","516255","Reporting within EoI/AirBase 8","31/12/2012 00:00:00","",""
"Ireland","NET.IE001","Ireland Air Quality e-Reporting monitoring network for compliance and informative reporting","IE0132A","Dublin Dun Laoghaire The Glen","SPO.IE.IE0132ASample2_5","PM10","Particulate matter < 10 µm (aerosol)","P1Y","Annual mean / 1 calendar year","2009","15.363","ug/m3","95.89","","Background","suburban","-6.1319","53.2858","10.0","","","","Reporting within EoI/AirBase 8","31/12/2012 00:00:00","",""
"Ireland","NET.IE001","Ireland Air Quality e-Reporting monitoring network for compliance and informative reporting","IE0110A","Cork Ballinlough Heatherton Park","SPO.IE.IE0110ASample1_5","PM10","Particulate matter < 10 µm (aerosol)","P1Y","Annual mean / 1 calendar year","2009","14.988","ug/m3","92.88","","Background","suburban","-8.4571","51.8819","12.0","Cork                                                                            ","IE002C1                                           ","118713","Reporting within EoI/AirBase 8","31/12/2012 00:00:00","",""
"Ireland","NET.IE001","Ireland Air Quality e-Reporting monitoring network for compliance and informative reporting","IE0132A","Dublin Dun Laoghaire The Glen","SPO.IE.IE0132ASample2_5","PM10","Particulate matter < 10 µm (aerosol)","P1Y","Annual mean / 1 calendar year","2010","15.466","ug/m3","82.74","","Background","suburban","-6.1319","53.2858","10.0","","","","Reporting within EoI/AirBase 8","31/12/2012 00:00:00","",""
"Ireland","NET.IE001","Ireland Air Quality e-Reporting monitoring network for compliance and informative reporting","IE0141A","Wicklow Bray Wurzburg Road","SPO.IE.IE0141ASample2_5","PM10","Particulate matter < 10 µm (aerosol)","P1Y","Annual mean / 1 calendar year","2010","12.725","ug/m3","42.19","","Background","suburban","-6.1217","53.1872","47.3","","","","Reporting within EoI/AirBase 8","31/12/2012 00:00:00","",""
"Ireland","NET.IE001","Ireland Air Quality e-Reporting monitoring network for compliance and informative reporting","IE0136A","Dublin Tallaght Old Bawn Road","SPO.IE.IE0136ASample2_5","PM10","Particulate matter < 10 µm (aerosol)","P1Y","Annual mean / 1 calendar year","2010","11.788","ug/m3","78.08","","Background","suburban","-6.3588","53.2805","10.0","","","","Reporting within EoI/AirBase 8","31/12/2012 00:00:00","",""
"Ireland","","","IE0139A","","SPO-IE0139A_00005_100","PM10","Particulate matter < 10 µm (aerosol)","P1Y","Annual mean / 1 calendar year","2010","17.533","ug/m3","21.64","","Background","suburban","-6.3239","53.2014","","","","","Reporting within EoI/AirBase 8","31/12/2012 00:00:00","",""
"Ireland","NET.IE001","Ireland Air Quality e-Reporting monitoring network for compliance and informative reporting","IE0118A","Mayo Castlebar John Moore Road","SPO.IE.IE0118ASample2_5","PM10","Particulate matter < 10 µm (aerosol)","P1Y","Annual mean / 1 calendar year","2010","15.476","ug/m3","93.97","","Background","suburban","-9.2997","53.8511","39.0","","","","Reporting within EoI/AirBase 8","31/12/2012 00:00:00","",""
"Ireland","NET.IE001","Ireland Air Quality e-Reporting monitoring network for compliance and informative reporting","IE0090A","Monaghan Kilkitt Waterworks","SPO.IE.IE0090ASample2_5","PM10","Particulate matter < 10 µm (aerosol)","P1Y","Annual mean / 1 calendar year","2010","9.545","ug/m3","75.07","","Background","rural","-6.8831","54.0661","170.0","","","","Reporting within EoI/AirBase 8","31/12/2012 00:00:00","",""
"Ireland","","","IE0138A","","SPO-IE0138A_00005_100","PM10","Particulate matter < 10 µm (aerosol)","P1Y","Annual mean / 1 calendar year","2010","19.866","ug/m3","32.06","","Background","suburban","-6.7958","53.1894","","","","","Reporting within EoI/AirBase 8","31/12/2012 00:00:00","",""
"Ireland","","","IE0107A","","SPO-IE0107A_00005_100","PM10","Particulate matter < 10 µm (aerosol)","P1Y","Annual mean / 1 calendar year","2010","22.181","ug/m3","45.75","","Traffic","urban","-8.4750","51.9000","10.0","Cork                                                                            ","IE002C1                                           ","118713","Reporting within EoI/AirBase 8","31/12/2012 00:00:00","",""
"Ireland","NET.IE001","Ireland Air Quality e-Reporting monitoring network for compliance and informative reporting","IE0110A","Cork Ballinlough Heatherton Park","SPO.IE.IE0110ASample1_5","PM10","Particulate matter < 10 µm (aerosol)","P1Y","Annual mean / 1 calendar year","2010","17.835","ug/m3","99.73","","Background","suburban","-8.4571","51.8819","12.0","Cork                                                                            ","IE002C1                                           ","118713","Reporting within EoI/AirBase 8","31/12/2012 00:00:00","",""
"Ireland","NET.IE001","Ireland Air Quality e-Reporting monitoring network for compliance and informative reporting","IE0098A","Dublin Winetavern Street","SPO.IE.IE0098ASample2_5","PM10","Particulate matter < 10 µm (aerosol)","P1Y","Annual mean / 1 calendar year","2010","18.548","ug/m3","87.40","","Traffic","urban","-6.2889","53.3417","15.0","Dublin                                                                          ","IE001C1                                           ","516255","Reporting within EoI/AirBase 8","31/12/2012 00:00:00","",""
"Ireland","NET.IE001","Ireland Air Quality e-Reporting monitoring network for compliance and informative reporting","IE0125A","Galway City Bodkin Roundabout","SPO.IE.IE0125ASample1_5","PM10","Particulate matter < 10 µm (aerosol)","P1Y","Annual mean / 1 calendar year","2010","16.354","ug/m3","84.38","","Traffic","suburban","-9.0492","53.2817","7.0","Galway                                                                          ","IE004C1                                           ","73963","Reporting within EoI/AirBase 8","31/12/2012 00:00:00","",""
"Ireland","NET.IE001","Ireland Air Quality e-Reporting monitoring network for compliance and informative reporting","IE0095A","Dublin Phoenix Park Ordnance Survey Road","SPO.IE.IE0095ASample1_5","PM10","Particulate matter < 10 µm (aerosol)","P1Y","Annual mean / 1 calendar year","2010","11.093","ug/m3","96.16","","Background","suburban","-6.3490","53.3644","35.0","Dublin                                                                          ","IE001C1                                           ","516255","Reporting within EoI/AirBase 8","31/12/2012 00:00:00","",""
"Ireland","","","IE0135A","","SPO-IE0135A_00005_100","PM10","Particulate matter < 10 µm (aerosol)","P1Y","Annual mean / 1 calendar year","2010","23.102","ug/m3","83.84","","Background","urban","-6.2142","53.3415","","Dublin                                                                          ","IE001C1                                           ","516255","Reporting within EoI/AirBase 8","31/12/2012 00:00:00","",""
"Ireland","NET.IE001","Ireland Air Quality e-Reporting monitoring network for compliance and informative reporting","IE0137A","Clare Ennis Simms Lane","SPO.IE.IE0137ASample2_5","PM10","Particulate matter < 10 µm (aerosol)","P1Y","Annual mean / 1 calendar year","2010","27.493","ug/m3","83.29","","Background","suburban","-8.5919","52.5035","65.0","","","","Reporting within EoI/AirBase 8","31/12/2012 00:00:00","",""
"Ireland","NET.IE001","Ireland Air Quality e-Reporting monitoring network for compliance and informative reporting","IE0036A","Dublin Ballyfermot Library","SPO.IE.IE0036ASample2_5","PM10","Particulate matter < 10 µm (aerosol)","P1Y","Annual mean / 1 calendar year","2010","12.537","ug/m3","75.34","","Background","suburban","-6.3523","53.3405","30.0","Dublin                                                                          ","IE001C1                                           ","516255","Reporting within EoI/AirBase 8","31/12/2012 00:00:00","",""
"Ireland","NET.IE001","Ireland Air Quality e-Reporting monitoring network for compliance and informative reporting","IE0028A","Dublin Rathmines Wynnefield Road","SPO.IE.IE0028ASample2_5","PM10","Particulate matter < 10 µm (aerosol)","P1Y","Annual mean / 1 calendar year","2010","18.134","ug/m3","98.63","","Background","urban","-6.2781","53.3539","25.0","Dublin                                                                          ","IE001C1                                           ","516255","Reporting within EoI/AirBase 8","31/12/2012 00:00:00","",""
"Ireland","NET.IE001","Ireland Air Quality e-Reporting monitoring network for compliance and informative reporting","IE0132A","Dublin Dun Laoghaire The Glen","SPO.IE.IE0132ASample2_5","PM10","Particulate matter < 10 µm (aerosol)","P1Y","Annual mean / 1 calendar year","2011","14.778","ug/m3","96.71","","Background","suburban","-6.1319","53.2858","10.0","","","","Reporting within EoI/AirBase 8","31/12/2012 00:00:00","",""
"Ireland","","","IE0139A","","SPO-IE0139A_00005_100","PM10","Particulate matter < 10 µm (aerosol)","P1Y","Annual mean / 1 calendar year","2011","23.599","ug/m3","18.90","","Background","suburban","-6.3239","53.2014","","","","","Reporting within EoI/AirBase 8","31/12/2012 00:00:00","",""
"Ireland","","","IE0144A","","SPO-IE0144A_00005_100","PM10","Particulate matter < 10 µm (aerosol)","P1Y","Annual mean / 1 calendar year","2011","11.341","ug/m3","67.12","","Background","suburban","-8.8778","52.7063","","","","","Reporting within EoI/AirBase 8","31/12/2012 00:00:00","",""
"Ireland","NET.IE001","Ireland Air Quality e-Reporting monitoring network for compliance and informative reporting","IE0137A","Clare Ennis Simms Lane","SPO.IE.IE0137ASample2_5","PM10","Particulate matter < 10 µm (aerosol)","P1Y","Annual mean / 1 calendar year","2011","21.188","ug/m3","96.71","","Background","suburban","-8.5919","52.5035","65.0","","","","Reporting within EoI/AirBase 8","31/12/2012 00:00:00","",""
"Ireland","NET.IE001","Ireland Air Quality e-Reporting monitoring network for compliance and informative reporting","IE0118A","Mayo Castlebar John Moore Road","SPO.IE.IE0118ASample2_5","PM10","Particulate matter < 10 µm (aerosol)","P1Y","Annual mean / 1 calendar year","2011","14.327","ug/m3","92.60","","Background","suburban","-9.2997","53.8511","39.0","","","","Reporting within EoI/AirBase 8","31/12/2012 00:00:00","",""
"Ireland","NET.IE001","Ireland Air Quality e-Reporting monitoring network for compliance and informative reporting","IE0145A","Mayo Claremorris","SPO.IE.IE0145ASample1_5","PM10","Particulate matter < 10 µm (aerosol)","P1Y","Annual mean / 1 calendar year","2011","11.518","ug/m3","71.23","","Background","rural","-9.0127","53.7039","45.0","","","","Reporting within EoI/AirBase 8","31/12/2012 00:00:00","",""
"Ireland","NET.IE001","Ireland Air Quality e-Reporting monitoring network for compliance and informative reporting","IE0136A","Dublin Tallaght Old Bawn Road","SPO.IE.IE0136ASample2_5","PM10","Particulate matter < 10 µm (aerosol)","P1Y","Annual mean / 1 calendar year","2011","13.218","ug/m3","63.56","","Background","suburban","-6.3588","53.2805","10.0","","","","Reporting within EoI/AirBase 8","31/12/2012 00:00:00","",""
"Ireland","NET.IE001","Ireland Air Quality e-Reporting monitoring network for compliance and informative reporting","IE0090A","Monaghan Kilkitt Waterworks","SPO.IE.IE0090ASample2_5","PM10","Particulate matter < 10 µm (aerosol)","P1Y","Annual mean / 1 calendar year","2011","9.409","ug/m3","91.51","","Background","rural","-6.8831","54.0661","170.0","","","","Reporting within EoI/AirBase 8","31/12/2012 00:00:00","",""
"Ireland","","","IE0107A","","SPO-IE0107A_00005_100","PM10","Particulate matter < 10 µm (aerosol)","P1Y","Annual mean / 1 calendar year","2011","20.645","ug/m3","94.25","","Traffic","urban","-8.4750","51.9000","10.0","Cork                                                                            ","IE002C1                                           ","118713","Reporting within EoI/AirBase 8","31/12/2012 00:00:00","",""
"Ireland","NET.IE001","Ireland Air Quality e-Reporting monitoring network for compliance and informative reporting","IE0125A","Galway City Bodkin Roundabout","SPO.IE.IE0125ASample1_5","PM10","Particulate matter < 10 µm (aerosol)","P1Y","Annual mean / 1 calendar year","2011","17.120","ug/m3","85.48","","Traffic","suburban","-9.0492","53.2817","7.0","Galway                                                                          ","IE004C1                                           ","73963","Reporting within EoI/AirBase 8","31/12/2012 00:00:00","",""
"Ireland","NET.IE001","Ireland Air Quality e-Reporting monitoring network for compliance and informative reporting","IE0098A","Dublin Winetavern Street","SPO.IE.IE0098ASample2_5","PM10","Particulate matter < 10 µm (aerosol)","P1Y","Annual mean / 1 calendar year","2011","14.427","ug/m3","97.81","","Traffic","urban","-6.2889","53.3417","15.0","Dublin                                                                          ","IE001C1                                           ","516255","Reporting within EoI/AirBase 8","31/12/2012 00:00:00","",""
"Ireland","NET.IE001","Ireland Air Quality e-Reporting monitoring network for compliance and informative reporting","IE0095A","Dublin Phoenix Park Ordnance Survey Road","SPO.IE.IE0095ASample1_5","PM10","Particulate matter < 10 µm (aerosol)","P1Y","Annual mean / 1 calendar year","2011","11.990","ug/m3","97.81","","Background","suburban","-6.3490","53.3644","35.0","Dublin                                                                          ","IE001C1                                           ","516255","Reporting within EoI/AirBase 8","31/12/2012 00:00:00","",""
"Ireland","NET.IE001","Ireland Air Quality e-Reporting monitoring network for compliance and informative reporting","IE0110A","Cork Ballinlough Heatherton Park","SPO.IE.IE0110ASample1_5","PM10","Particulate matter < 10 µm (aerosol)","P1Y","Annual mean / 1 calendar year","2011","16.649","ug/m3","91.78","","Background","suburban","-8.4571","51.8819","12.0","Cork                                                                            ","IE002C1                                           ","118713","Reporting within EoI/AirBase 8","31/12/2012 00:00:00","",""
"Ireland","NET.IE001","Ireland Air Quality e-Reporting monitoring network for compliance and informative reporting","IE0028A","Dublin Rathmines Wynnefield Road","SPO.IE.IE0028ASample2_5","PM10","Particulate matter < 10 µm (aerosol)","P1Y","Annual mean / 1 calendar year","2011","16.060","ug/m3","99.45","","Background","urban","-6.2781","53.3539","25.0","Dublin                                                                          ","IE001C1                                           ","516255","Reporting within EoI/AirBase 8","31/12/2012 00:00:00","",""
"Ireland","NET.IE001","Ireland Air Quality e-Reporting monitoring network for compliance and informative reporting","IE0141A","Wicklow Bray Wurzburg Road","SPO.IE.IE0141ASample2_5","PM10","Particulate matter < 10 µm (aerosol)","P1Y","Annual mean / 1 calendar year","2011","12.599","ug/m3","82.47","","Background","suburban","-6.1217","53.1872","47.3","","","","Reporting within EoI/AirBase 8","31/12/2012 00:00:00","",""
"Ireland","","","IE0135A","","SPO-IE0135A_00005_100","PM10","Particulate matter < 10 µm (aerosol)","P1Y","Annual mean / 1 calendar year","2011","19.705","ug/m3","90.41","","Background","urban","-6.2142","53.3415","","Dublin                                                                          ","IE001C1                                           ","516255","Reporting within EoI/AirBase 8","31/12/2012 00:00:00","",""
"Ireland","NET.IE001","Ireland Air Quality e-Reporting monitoring network for compliance and informative reporting","IE0131A","Dublin Blanchardstown River Road","SPO.IE.IE0131ASample2_5","PM10","Particulate matter < 10 µm (aerosol)","P1Y","Annual mean / 1 calendar year","2011","15.926","ug/m3","95.89","","Traffic","suburban","-6.3699","53.3856","10.0","","","","Reporting within EoI/AirBase 8","31/12/2012 00:00:00","",""
"Ireland","NET.IE001","Ireland Air Quality e-Reporting monitoring network for compliance and informative reporting","IE0137A","Clare Ennis Simms Lane","SPO.IE.IE0137ASample2_5","PM10","Particulate matter < 10 µm (aerosol)","P1Y","Annual mean / 1 calendar year","2012","19.204","ug/m3","95.08","","Background","suburban","-8.5919","52.5035","65.0","","","","Reporting within EoI/AirBase 8","31/12/2012 00:00:00","",""
"Ireland","","","IE0148A","","SPO-IE0148A_00005_100","PM10","Particulate matter < 10 µm (aerosol)","P1Y","Annual mean / 1 calendar year","2012","16.404","ug/m3","8.20","","Background","suburban","-7.3511","53.5167","","","","","Reporting within EoI/AirBase 8","31/12/2012 00:00:00","",""
"Ireland","NET.IE001","Ireland Air Quality e-Reporting monitoring network for compliance and informative reporting","IE0132A","Dublin Dun Laoghaire The Glen","SPO.IE.IE0132ASample2_5","PM10","Particulate matter < 10 µm (aerosol)","P1Y","Annual mean / 1 calendar year","2012","12.213","ug/m3","73.50","","Background","suburban","-6.1319","53.2858","10.0","","","","Reporting within EoI/AirBase 8","31/12/2012 00:00:00","",""
"Ireland","NET.IE001","Ireland Air Quality e-Reporting monitoring network for compliance and informative reporting","IE0118A","Mayo Castlebar John Moore Road","SPO.IE.IE0118ASample2_5","PM10","Particulate matter < 10 µm (aerosol)","P1Y","Annual mean / 1 calendar year","2012","11.917","ug/m3","93.99","","Background","suburban","-9.2997","53.8511","39.0","","","","Reporting within EoI/AirBase 8","31/12/2012 00:00:00","",""
"Ireland","NET.IE001","Ireland Air Quality e-Reporting monitoring network for compliance and informative reporting","IE0141A","Wicklow Bray Wurzburg Road","SPO.IE.IE0141ASample2_5","PM10","Particulate matter < 10 µm (aerosol)","P1Y","Annual mean / 1 calendar year","2012","16.712","ug/m3","99.73","","Background","suburban","-6.1217","53.1872","47.3","","","","Reporting within EoI/AirBase 8","31/12/2012 00:00:00","",""
"Ireland","NET.IE001","Ireland Air Quality e-Reporting monitoring network for compliance and informative reporting","IE0090A","Monaghan Kilkitt Waterworks","SPO.IE.IE0090ASample2_5","PM10","Particulate matter < 10 µm (aerosol)","P1Y","Annual mean / 1 calendar year","2012","8.810","ug/m3","89.34","","Background","rural","-6.8831","54.0661","170.0","","","","Reporting within EoI/AirBase 8","31/12/2012 00:00:00","",""
"Ireland","NET.IE001","Ireland Air Quality e-Reporting monitoring network for compliance and informative reporting","IE0098A","Dublin Winetavern Street","SPO.IE.IE0098ASample2_5","PM10","Particulate matter < 10 µm (aerosol)","P1Y","Annual mean / 1 calendar year","2012","12.642","ug/m3","96.18","","Traffic","urban","-6.2889","53.3417","15.0","Dublin                                                                          ","IE001C1                                           ","516255","Reporting within EoI/AirBase 8","31/12/2012 00:00:00","",""
"Ireland","NET.IE001","Ireland Air Quality e-Reporting monitoring network for compliance and informative reporting","IE0095A","Dublin Phoenix Park Ordnance Survey Road","SPO.IE.IE0095ASample1_5","PM10","Particulate matter < 10 µm (aerosol)","P1Y","Annual mean / 1 calendar year","2012","11.023","ug/m3","98.63","","Background","suburban","-6.3490","53.3644","35.0","Dublin                                                                          ","IE001C1                                           ","516255","Reporting within EoI/AirBase 8","31/12/2012 00:00:00","",""
"Ireland","","","IE0107A","","SPO-IE0107A_00005_100","PM10","Particulate matter < 10 µm (aerosol)","P1Y","Annual mean / 1 calendar year","2012","17.011","ug/m3","100.00","","Traffic","urban","-8.4750","51.9000","10.0","Cork                                                                            ","IE002C1                                           ","118713","Reporting within EoI/AirBase 8","31/12/2012 00:00:00","",""
"Ireland","NET.IE001","Ireland Air Quality e-Reporting monitoring network for compliance and informative reporting","IE0028A","Dublin Rathmines Wynnefield Road","SPO.IE.IE0028ASample2_5","PM10","Particulate matter < 10 µm (aerosol)","P1Y","Annual mean / 1 calendar year","2012","14.206","ug/m3","100.00","","Background","urban","-6.2781","53.3539","25.0","Dublin                                                                          ","IE001C1                                           ","516255","Reporting within EoI/AirBase 8","31/12/2012 00:00:00","",""
"Ireland","","","IE0135A","","SPO-IE0135A_00005_100","PM10","Particulate matter < 10 µm (aerosol)","P1Y","Annual mean / 1 calendar year","2012","20.254","ug/m3","19.13","","Background","urban","-6.2142","53.3415","","Dublin                                                                          ","IE001C1                                           ","516255","Reporting within EoI/AirBase 8","31/12/2012 00:00:00","",""
"Ireland","NET.IE001","Ireland Air Quality e-Reporting monitoring network for compliance and informative reporting","IE0145A","Mayo Claremorris","SPO.IE.IE0145ASample1_5","PM10","Particulate matter < 10 µm (aerosol)","P1Y","Annual mean / 1 calendar year","2012","10.355","ug/m3","98.09","","Background","rural","-9.0127","53.7039","45.0","","","","Reporting within EoI/AirBase 8","31/12/2012 00:00:00","",""
"Ireland","NET.IE001","Ireland Air Quality e-Reporting monitoring network for compliance and informative reporting","IE0110A","Cork Ballinlough Heatherton Park","SPO.IE.IE0110ASample1_5","PM10","Particulate matter < 10 µm (aerosol)","P1Y","Annual mean / 1 calendar year","2012","13.277","ug/m3","79.24","","Background","suburban","-8.4571","51.8819","12.0","Cork                                                                            ","IE002C1                                           ","118713","Reporting within EoI/AirBase 8","31/12/2012 00:00:00","",""
"Ireland","","","IE0144A","","SPO-IE0144A_00005_100","PM10","Particulate matter < 10 µm (aerosol)","P1Y","Annual mean / 1 calendar year","2012","10.710","ug/m3","48.09","","Background","suburban","-8.8778","52.7063","","","","","Reporting within EoI/AirBase 8","31/12/2012 00:00:00","",""
"Ireland","NET.IE001","Ireland Air Quality e-Reporting monitoring network for compliance and informative reporting","IE0125A","Galway City Bodkin Roundabout","SPO.IE.IE0125ASample1_5","PM10","Particulate matter < 10 µm (aerosol)","P1Y","Annual mean / 1 calendar year","2012","15.607","ug/m3","86.61","","Traffic","suburban","-9.0492","53.2817","7.0","Galway                                                                          ","IE004C1                                           ","73963","Reporting within EoI/AirBase 8","31/12/2012 00:00:00","",""
"Ireland","","","IE0146A","","SPO-IE0146A_00005_100","PM10","Particulate matter < 10 µm (aerosol)","P1Y","Annual mean / 1 calendar year","2012","17.266","ug/m3","62.30","","Background","suburban","-6.1906","53.6140","","","","","Reporting within EoI/AirBase 8","31/12/2012 00:00:00","",""
"Ireland","NET.IE001","Ireland Air Quality e-Reporting monitoring network for compliance and informative reporting","IE001AP","Dublin Inchicore Davitt Road","SPO.IE.IE001APSample1_5","PM10","Particulate matter < 10 µm (aerosol)","P1Y","Annual mean / 1 calendar year","2013","13.188","ug/m3","72.33","1","Traffic","Suburban","-6.3090","53.3363","10.0","Dublin                                                                          ","IE001C1                                           ","516255","E1a/validated data AQ e-Reporting","03/07/2025 21:59:06","https://eeadmz1batchservice02.blob.core.windows.net/airquality-p-e1a/IE/SPO.IE.IE001APSample1_5.parquet","day"
"Ireland","NET.IE001","Ireland Air Quality e-Reporting monitoring network for compliance and informative reporting","IE0110A","Cork Ballinlough Heatherton Park","SPO.IE.IE0110ASample1_5","PM10","Particulate matter < 10 µm (aerosol)","P1Y","Annual mean / 1 calendar year","2013","15.104","ug/m3","89.86","1","Background","Suburban","-8.4571","51.8819","4.0","Cork                                                                            ","IE002C1                                           ","118713","E1a/validated data AQ e-Reporting","03/07/2025 21:59:06","https://eeadmz1batchservice02.blob.core.windows.net/airquality-p-e1a/IE/SPO.IE.IE0110ASample1_5.parquet","day"
"Ireland","NET.IE001","Ireland Air Quality e-Reporting monitoring network for compliance and informative reporting","IE0125A","Galway City Bodkin Roundabout","SPO.IE.IE0125ASample1_5","PM10","Particulate matter < 10 µm (aerosol)","P1Y","Annual mean / 1 calendar year","2013","20.782","ug/m3","94.79","1","Traffic","Suburban","-9.0492","53.2817","7.0","Galway                                                                          ","IE004C1                                           ","73963","E1a/validated data AQ e-Reporting","03/07/2025 21:59:06","https://eeadmz1batchservice02.blob.core.windows.net/airquality-p-e1a/IE/SPO.IE.IE0125ASample1_5.parquet","day"
"Ireland","NET.IE001","Ireland Air Quality e-Reporting monitoring network for compliance and informative reporting","IE002AP","Dublin Raheny Saint Anne's Park","SPO.IE.IE002APSample1_5","PM10","Particulate matter < 10 µm (aerosol)","P1Y","Annual mean / 1 calendar year","2013","19.388","ug/m3","99.18","1","Background","Suburban","-6.1726","53.3688","10.0","Dublin                                                                          ","IE001C1                                           ","516255","E1a/validated data AQ e-Reporting","03/07/2025 21:59:06","https://eeadmz1batchservice02.blob.core.windows.net/airquality-p-e1a/IE/SPO.IE.IE002APSample1_5.parquet","day"
"Ireland","NET.IE001","Ireland Air Quality e-Reporting monitoring network for compliance and informative reporting","IE001BP","Cork South Link Road Landfill","SPO.IE.IE001BPSample2_5","PM10","Particulate matter < 10 µm (aerosol)","P1Y","Annual mean / 1 calendar year","2013","18.652","ug/m3","95.07","1","Traffic","Suburban","-8.4750","51.9111","12.0","Cork                                                                            ","IE002C1                                           ","118713","E1a/validated data AQ e-Reporting","03/07/2025 21:59:06","https://eeadmz1batchservice02.blob.core.windows.net/airquality-p-e1a/IE/SPO.IE.IE001BPSample2_5.parquet","day"
"Ireland","NET.IE001","Ireland Air Quality e-Reporting monitoring network for compliance and informative reporting","IE0098A","Dublin Winetavern Street","SPO.IE.IE0098ASample2_5","PM10","Particulate matter < 10 µm (aerosol)","P1Y","Annual mean / 1 calendar year","2013","13.647","ug/m3","93.42","1","Traffic","Urban","-6.2889","53.3417","9.0","Dublin                                                                          ","IE001C1                                           ","516255","E1a/validated data AQ e-Reporting","03/07/2025 21:59:06","https://eeadmz1batchservice02.blob.core.windows.net/airquality-p-e1a/IE/SPO.IE.IE0098ASample2_5.parquet","day"
"Ireland","NET.IE001","Ireland Air Quality e-Reporting monitoring network for compliance and informative reporting","IE0036A","Dublin Ballyfermot Library","SPO.IE.IE0036ASample2_5","PM10","Particulate matter < 10 µm (aerosol)","P1Y","Annual mean / 1 calendar year","2013","12.226","ug/m3","78.08","1","Background","Suburban","-6.3523","53.3405","43.0","Dublin                                                                          ","IE001C1                                           ","516255","E1a/validated data AQ e-Reporting","03/07/2025 21:59:06","https://eeadmz1batchservice02.blob.core.windows.net/airquality-p-e1a/IE/SPO.IE.IE0036ASample2_5.parquet","day"
"Ireland","NET.IE001","Ireland Air Quality e-Reporting monitoring network for compliance and informative reporting","IE003AP","Dublin Finglas Mellowes Road","SPO.IE.IE003APSample1_5","PM10","Particulate matter < 10 µm (aerosol)","P1Y","Annual mean / 1 calendar year","2013","14.664","ug/m3","91.78","1","Background","Suburban","-6.3053","53.3903","64.0","Dublin                                                                          ","IE001C1                                           ","516255","E1a/validated data AQ e-Reporting","03/07/2025 21:59:06","https://eeadmz1batchservice02.blob.core.windows.net/airquality-p-e1a/IE/SPO.IE.IE003APSample1_5.parquet","day"
"Ireland","NET.IE001","Ireland Air Quality e-Reporting monitoring network for compliance and informative reporting","IE0090A","Monaghan Kilkitt Waterworks","SPO.IE.IE0090ASample2_5","PM10","Particulate matter < 10 µm (aerosol)","P1Y","Annual mean / 1 calendar year","2013","10.503","ug/m3","98.36","1","Background","Rural","-6.8831","54.0661","170.0","","","","E1a/validated data AQ e-Reporting","03/07/2025 21:59:06","https://eeadmz1batchservice02.blob.core.windows.net/airquality-p-e1a/IE/SPO.IE.IE0090ASample2_5.parquet","day"
"Ireland","NET.IE001","Ireland Air Quality e-Reporting monitoring network for compliance and informative reporting","IE0141A","Wicklow Bray Wurzburg Road","SPO.IE.IE0141ASample2_5","PM10","Particulate matter < 10 µm (aerosol)","P1Y","Annual mean / 1 calendar year","2013","19.779","ug/m3","99.73","1","Background","Suburban","-6.1217","53.1872","47.0","","","","E1a/validated data AQ e-Reporting","03/07/2025 21:59:06","https://eeadmz1batchservice02.blob.core.windows.net/airquality-p-e1a/IE/SPO.IE.IE0141ASample2_5.parquet","day"
"Ireland","NET.IE001","Ireland Air Quality e-Reporting monitoring network for compliance and informative reporting","IE0118A","Mayo Castlebar John Moore Road","SPO.IE.IE0118ASample2_5","PM10","Particulate matter < 10 µm (aerosol)","P1Y","Annual mean / 1 calendar year","2013","14.894","ug/m3","96.71","1","Background","Suburban","-9.2997","53.8511","41.0","","","","E1a/validated data AQ e-Reporting","03/07/2025 21:59:06","https://eeadmz1batchservice02.blob.core.windows.net/airquality-p-e1a/IE/SPO.IE.IE0118ASample2_5.parquet","day"
"Ireland","NET.IE001","Ireland Air Quality e-Reporting monitoring network for compliance and informative reporting","IE0136A","Dublin Tallaght Old Bawn Road","SPO.IE.IE0136ASample2_5","PM10","Particulate matter < 10 µm (aerosol)","P1Y","Annual mean / 1 calendar year","2013","16.724","ug/m3","99.73","1","Background","Suburban","-6.3588","53.2805","102.0","","","","E1a/validated data AQ e-Reporting","03/07/2025 21:59:06","https://eeadmz1batchservice02.blob.core.windows.net/airquality-p-e1a/IE/SPO.IE.IE0136ASample2_5.parquet","day"
"Ireland","NET.IE001","Ireland Air Quality e-Reporting monitoring network for compliance and informative reporting","IE0145A","Mayo Claremorris","SPO.IE.IE0145ASample1_5","PM10","Particulate matter < 10 µm (aerosol)","P1Y","Annual mean / 1 calendar year","2013","13.232","ug/m3","95.34","1","Background","Rural","-9.0127","53.7039","44.0","","","","E1a/validated data AQ e-Reporting","03/07/2025 21:59:06","https://eeadmz1batchservice02.blob.core.windows.net/airquality-p-e1a/IE/SPO.IE.IE0145ASample1_5.parquet","day"
"Ireland","NET.IE001","Ireland Air Quality e-Reporting monitoring network for compliance and informative reporting","IE0131A","Dublin Blanchardstown River Road","SPO.IE.IE0131ASample2_5","PM10","Particulate matter < 10 µm (aerosol)","P1Y","Annual mean / 1 calendar year","2013","19.813","ug/m3","100.00","1","Traffic","Suburban","-6.3699","53.3856","51.0","","","","E1a/validated data AQ e-Reporting","03/07/2025 21:59:06","https://eeadmz1batchservice02.blob.core.windows.net/airquality-p-e1a/IE/SPO.IE.IE0131ASample2_5.parquet","day"
"Ireland","NET.IE001","Ireland Air Quality e-Reporting monitoring network for compliance and informative reporting","IE0132A","Dublin Dun Laoghaire The Glen","SPO.IE.IE0132ASample2_5","PM10","Particulate matter < 10 µm (aerosol)","P1Y","Annual mean / 1 calendar year","2013","17.176","ug/m3","71.51","1","Background","Suburban","-6.1319","53.2858","29.0","","","","E1a/validated data AQ e-Reporting","03/07/2025 21:59:06","https://eeadmz1batchservice02.blob.core.windows.net/airquality-p-e1a/IE/SPO.IE.IE0132ASample2_5.parquet","day"
"Ireland","NET.IE001","Ireland Air Quality e-Reporting monitoring network for compliance and informative reporting","IE0028A","Dublin Rathmines Wynnefield Road","SPO.IE.IE0028ASample2_5","PM10","Particulate matter < 10 µm (aerosol)","P1Y","Annual mean / 1 calendar year","2013","16.463","ug/m3","99.45","1","Background","Urban","-6.2672","53.3220","27.0","Dublin                                                                          ","IE001C1                                           ","516255","E1a/validated data AQ e-Reporting","03/07/2025 21:59:06","https://eeadmz1batchservice02.blob.core.windows.net/airquality-p-e1a/IE/SPO.IE.IE0028ASample2_5.parquet","day"
"Ireland","NET.IE001","Ireland Air Quality e-Reporting monitoring network for compliance and informative reporting","IE001BP","Cork South Link Road Landfill","SPO.IE.IE001BPSample2_5","PM10","Particulate matter < 10 µm (aerosol)","P1Y","Annual mean / 1 calendar year","2014","19.329","ug/m3","89.04","1","Traffic","Suburban","-8.4750","51.9111","12.0","Cork                                                                            ","IE002C1                                           ","118713","E1a/validated data AQ e-Reporting","03/07/2025 21:59:06","https://eeadmz1batchservice02.blob.core.windows.net/airquality-p-e1a/IE/SPO.IE.IE001BPSample2_5.parquet","day"
"Ireland","NET.IE001","Ireland Air Quality e-Reporting monitoring network for compliance and informative reporting","IE002AP","Dublin Raheny Saint Anne's Park","SPO.IE.IE002APSample1_5","PM10","Particulate matter < 10 µm (aerosol)","P1Y","Annual mean / 1 calendar year","2014","17.250","ug/m3","98.36","1","Background","Suburban","-6.1726","53.3688","10.0","Dublin                                                                          ","IE001C1                                           ","516255","E1a/validated data AQ e-Reporting","03/07/2025 21:59:06","https://eeadmz1batchservice02.blob.core.windows.net/airquality-p-e1a/IE/SPO.IE.IE002APSample1_5.parquet","day"
"Ireland","NET.IE001","Ireland Air Quality e-Reporting monitoring network for compliance and informative reporting","IE001AP","Dublin Inchicore Davitt Road","SPO.IE.IE001APSample1_5","PM10","Particulate matter < 10 µm (aerosol)","P1Y","Annual mean / 1 calendar year","2014","12.729","ug/m3","92.88","1","Traffic","Suburban","-6.3090","53.3363","10.0","Dublin                                                                          ","IE001C1                                           ","516255","E1a/validated data AQ e-Reporting","03/07/2025 21:59:06","https://eeadmz1batchservice02.blob.core.windows.net/airquality-p-e1a/IE/SPO.IE.IE001APSample1_5.parquet","day"
"Ireland","NET.IE001","Ireland Air Quality e-Reporting monitoring network for compliance and informative reporting","IE0125A","Galway City Bodkin Roundabout","SPO.IE.IE0125ASample1_5","PM10","Particulate matter < 10 µm (aerosol)","P1Y","Annual mean / 1 calendar year","2014","15.048","ug/m3","59.45","1","Traffic","Suburban","-9.0492","53.2817","7.0","Galway                                                                          ","IE004C1                                           ","73963","E1a/validated data AQ e-Reporting","03/07/2025 21:59:06","https://eeadmz1batchservice02.blob.core.windows.net/airquality-p-e1a/IE/SPO.IE.IE0125ASample1_5.parquet","day"
"Ireland","NET.IE001","Ireland Air Quality e-Reporting monitoring network for compliance and informative reporting","IE0110A","Cork Ballinlough Heatherton Park","SPO.IE.IE0110ASample1_5","PM10","Particulate matter < 10 µm (aerosol)","P1Y","Annual mean / 1 calendar year","2014","16.192","ug/m3","71.23","1","Background","Suburban","-8.4571","51.8819","4.0","Cork                                                                            ","IE002C1                                           ","118713","E1a/validated data AQ e-Reporting","03/07/2025 21:59:06","https://eeadmz1batchservice02.blob.core.windows.net/airquality-p-e1a/IE/SPO.IE.IE0110ASample1_5.parquet","day"
"Ireland","NET.IE001","Ireland Air Quality e-Reporting monitoring network for compliance and informative reporting","IE001CM","Laois Portlaoise Dublin Road","SPO.IE.IE001CMSample2_5","PM10","Particulate matter < 10 µm (aerosol)","P1Y","Annual mean / 1 calendar year","2014","24.246","ug/m3","27.12","1","Background","Suburban","-7.2887","53.0361","107.0","","","","E1a/validated data AQ e-Reporting","03/07/2025 21:59:06","https://eeadmz1batchservice02.blob.core.windows.net/airquality-p-e1a/IE/SPO.IE.IE001CMSample2_5.parquet","day"
"Ireland","NET.IE001","Ireland Air Quality e-Reporting monitoring network for compliance and informative reporting","IE0090A","Monaghan Kilkitt Waterworks","SPO.IE.IE0090ASample2_5","PM10","Particulate matter < 10 µm (aerosol)","P1Y","Annual mean / 1 calendar year","2014","8.893","ug/m3","95.89","1","Background","Rural","-6.8831","54.0661","170.0","","","","E1a/validated data AQ e-Reporting","03/07/2025 21:59:06","https://eeadmz1batchservice02.blob.core.windows.net/airquality-p-e1a/IE/SPO.IE.IE0090ASample2_5.parquet","day"
"Ireland","NET.IE001","Ireland Air Quality e-Reporting monitoring network for compliance and informative reporting","IE0145A","Mayo Claremorris","SPO.IE.IE0145ASample1_5","PM10","Particulate matter < 10 µm (aerosol)","P1Y","Annual mean / 1 calendar year","2014","9.467","ug/m3","87.67","1","Background","Rural","-9.0127","53.7039","44.0","","","","E1a/validated data AQ e-Reporting","03/07/2025 21:59:06","https://eeadmz1batchservice02.blob.core.windows.net/airquality-p-e1a/IE/SPO.IE.IE0145ASample1_5.parquet","day"
"Ireland","NET.IE001","Ireland Air Quality e-Reporting monitoring network for compliance and informative reporting","IE0136A","Dublin Tallaght Old Bawn Road","SPO.IE.IE0136ASample2_5","PM10","Particulate matter < 10 µm (aerosol)","P1Y","Annual mean / 1 calendar year","2014","14.678","ug/m3","98.90","1","Background","Suburban","-6.3588","53.2805","102.0","","","","E1a/validated data AQ e-Reporting","03/07/2025 21:59:06","https://eeadmz1batchservice02.blob.core.windows.net/airquality-p-e1a/IE/SPO.IE.IE0136ASample2_5.parquet","day"
"Ireland","NET.IE001","Ireland Air Quality e-Reporting monitoring network for compliance and informative reporting","IE0132A","Dublin Dun Laoghaire The Glen","SPO.IE.IE0132ASample2_5","PM10","Particulate matter < 10 µm (aerosol)","P1Y","Annual mean / 1 calendar year","2014","13.780","ug/m3","83.84","1","Background","Suburban","-6.1319","53.2858","29.0","","","","E1a/validated data AQ e-Reporting","03/07/2025 21:59:06","https://eeadmz1batchservice02.blob.core.windows.net/airquality-p-e1a/IE/SPO.IE.IE0132ASample2_5.parquet","day"
"Ireland","NET.IE001","Ireland Air Quality e-Reporting monitoring network for compliance and informative reporting","IE0131A","Dublin Blanchardstown River Road","SPO.IE.IE0131ASample2_5","PM10","Particulate matter < 10 µm (aerosol)","P1Y","Annual mean / 1 calendar year","2014","17.540","ug/m3","98.90","1","Traffic","Suburban","-6.3699","53.3856","51.0","","","","E1a/validated data AQ e-Reporting","03/07/2025 21:59:06","https://eeadmz1batchservice02.blob.core.windows.net/airquality-p-e1a/IE/SPO.IE.IE0131ASample2_5.parquet","day"
"Ireland","NET.IE001","Ireland Air Quality e-Reporting monitoring network for compliance and informative reporting","IE0141A","Wicklow Bray Wurzburg Road","SPO.IE.IE0141ASample2_5","PM10","Particulate matter < 10 µm (aerosol)","P1Y","Annual mean / 1 calendar year","2014","16.900","ug/m3","49.32","1","Background","Suburban","-6.1217","53.1872","47.0","","","","E1a/validated data AQ e-Reporting","03/07/2025 21:59:06","https://eeadmz1batchservice02.blob.core.windows.net/airquality-p-e1a/IE/SPO.IE.IE0141ASample2_5.parquet","day"
"Ireland","NET.IE001","Ireland Air Quality e-Reporting monitoring network for compliance and informative reporting","IE0098A","Dublin Winetavern Street","SPO.IE.IE0098ASample2_5","PM10","Particulate matter < 10 µm (aerosol)","P1Y","Annual mean / 1 calendar year","2014","13.971","ug/m3","96.16","1","Traffic","Urban","-6.2889","53.3417","9.0","Dublin                                                                          ","IE001C1                                           ","516255","E1a/validated data AQ e-Reporting","03/07/2025 21:59:06","https://eeadmz1batchservice02.blob.core.windows.net/airquality-p-e1a/IE/SPO.IE.IE0098ASample2_5.parquet","day"
"Ireland","NET.IE001","Ireland Air Quality e-Reporting monitoring network for compliance and informative reporting","IE001DM","Wexford Enniscorthy Parnell Road","SPO.IE.IE001DMSample2_5","PM10","Particulate matter < 10 µm (aerosol)","P1Y","Annual mean / 1 calendar year","2014","13.794","ug/m3","23.84","1","Background","Suburban","-6.5708","52.4985","30.0","","","","E1a/validated data AQ e-Reporting","03/07/2025 21:59:06","https://eeadmz1batchservice02.blob.core.windows.net/airquality-p-e1a/IE/SPO.IE.IE001DMSample2_5.parquet","day"
"Ireland","NET.IE001","Ireland Air Quality e-Reporting monitoring network for compliance and informative reporting","IE001AP","Dublin Inchicore Davitt Road","SPO.IE.IE001APSample1_5","PM10","Particulate matter < 10 µm (aerosol)","P1Y","Annual mean / 1 calendar year","2015","13.235","ug/m3","97.26","1","Traffic","Suburban","-6.3090","53.3363","10.0","Dublin                                                                          ","IE001C1                                           ","516255","E1a/validated data AQ e-Reporting","03/07/2025 21:59:06","https://eeadmz1batchservice02.blob.core.windows.net/airquality-p-e1a/IE/SPO.IE.IE001APSample1_5.parquet","day"
"Ireland","NET.IE001","Ireland Air Quality e-Reporting monitoring network for compliance and informative reporting","IE001BP","Cork South Link Road Landfill","SPO.IE.IE001BPSample2_5","PM10","Particulate matter < 10 µm (aerosol)","P1Y","Annual mean / 1 calendar year","2015","17.125","ug/m3","61.92","1","Traffic","Suburban","-8.4750","51.9111","12.0","Cork                                                                            ","IE002C1                                           ","118713","E1a/validated data AQ e-Reporting","03/07/2025 21:59:06","https://eeadmz1batchservice02.blob.core.windows.net/airquality-p-e1a/IE/SPO.IE.IE001BPSample2_5.parquet","day"
"Ireland","NET.IE001","Ireland Air Quality e-Reporting monitoring network for compliance and informative reporting","IE0095A","Dublin Phoenix Park Ordnance Survey Road","SPO.IE.IE0095ASample1_5","PM10","Particulate matter < 10 µm (aerosol)","P1Y","Annual mean / 1 calendar year","2015","11.568","ug/m3","99.45","1","Background","Suburban","-6.3490","53.3644","35.0","Dublin                                                                          ","IE001C1                                           ","516255","E1a/validated data AQ e-Reporting","03/07/2025 21:59:06","https://eeadmz1batchservice02.blob.core.windows.net/airquality-p-e1a/IE/SPO.IE.IE0095ASample1_5.parquet",""
"Ireland","NET.IE001","Ireland Air Quality e-Reporting monitoring network for compliance and informative reporting","IE002AP","Dublin Raheny Saint Anne's Park","SPO.IE.IE002APSample1_5","PM10","Particulate matter < 10 µm (aerosol)","P1Y","Annual mean / 1 calendar year","2015","15.198","ug/m3","99.73","1","Background","Suburban","-6.1726","53.3688","10.0","Dublin                                                                          ","IE001C1                                           ","516255","E1a/validated data AQ e-Reporting","03/07/2025 21:59:06","https://eeadmz1batchservice02.blob.core.windows.net/airquality-p-e1a/IE/SPO.IE.IE002APSample1_5.parquet","day"
"Ireland","NET.IE001","Ireland Air Quality e-Reporting monitoring network for compliance and informative reporting","IE0110A","Cork Ballinlough Heatherton Park","SPO.IE.IE0110ASample1_5","PM10","Particulate matter < 10 µm (aerosol)","P1Y","Annual mean / 1 calendar year","2015","12.471","ug/m3","45.75","1","Background","Suburban","-8.4571","51.8819","4.0","Cork                                                                            ","IE002C1                                           ","118713","E1a/validated data AQ e-Reporting","03/07/2025 21:59:06","https://eeadmz1batchservice02.blob.core.windows.net/airquality-p-e1a/IE/SPO.IE.IE0110ASample1_5.parquet","day"
"Ireland","NET.IE001","Ireland Air Quality e-Reporting monitoring network for compliance and informative reporting","IE0125A","Galway City Bodkin Roundabout","SPO.IE.IE0125ASample1_5","PM10","Particulate matter < 10 µm (aerosol)","P1Y","Annual mean / 1 calendar year","2015","15.173","ug/m3","76.44","1","Traffic","Suburban","-9.0492","53.2817","7.0","Galway                                                                          ","IE004C1                                           ","73963","E1a/validated data AQ e-Reporting","03/07/2025 21:59:06","https://eeadmz1batchservice02.blob.core.windows.net/airquality-p-e1a/IE/SPO.IE.IE0125ASample1_5.parquet","day"
"Ireland","NET.IE001","Ireland Air Quality e-Reporting monitoring network for compliance and informative reporting","IE0036A","Dublin Ballyfermot Library","SPO.IE.IE0036ASample2_5","PM10","Particulate matter < 10 µm (aerosol)","P1Y","Annual mean / 1 calendar year","2015","11.672","ug/m3","90.68","1","Background","Suburban","-6.3523","53.3405","43.0","Dublin                                                                          ","IE001C1                                           ","516255","E1a/validated data AQ e-Reporting","03/07/2025 21:59:06","https://eeadmz1batchservice02.blob.core.windows.net/airquality-p-e1a/IE/SPO.IE.IE0036ASample2_5.parquet","day"
"Ireland","NET.IE001","Ireland Air Quality e-Reporting monitoring network for compliance and informative reporting","IE0136A","Dublin Tallaght Old Bawn Road","SPO.IE.IE0136ASample2_5","PM10","Particulate matter < 10 µm (aerosol)","P1Y","Annual mean / 1 calendar year","2015","14.116","ug/m3","98.08","1","Background","Suburban","-6.3588","53.2805","102.0","","","","E1a/validated data AQ e-Reporting","03/07/2025 21:59:06","https://eeadmz1batchservice02.blob.core.windows.net/airquality-p-e1a/IE/SPO.IE.IE0136ASample2_5.parquet","day"
"Ireland","NET.IE001","Ireland Air Quality e-Reporting monitoring network for compliance and informative reporting","IE001CM","Laois Portlaoise Dublin Road","SPO.IE.IE001CMSample2_5","PM10","Particulate matter < 10 µm (aerosol)","P1Y","Annual mean / 1 calendar year","2015","15.215","ug/m3","51.51","1","Background","Suburban","-7.2887","53.0361","107.0","","","","E1a/validated data AQ e-Reporting","03/07/2025 21:59:06","https://eeadmz1batchservice02.blob.core.windows.net/airquality-p-e1a/IE/SPO.IE.IE001CMSample2_5.parquet","day"
"Ireland","NET.IE001","Ireland Air Quality e-Reporting monitoring network for compliance and informative reporting","IE0145A","Mayo Claremorris","SPO.IE.IE0145ASample1_5","PM10","Particulate matter < 10 µm (aerosol)","P1Y","Annual mean / 1 calendar year","2015","10.208","ug/m3","97.26","1","Background","Rural","-9.0127","53.7039","44.0","","","","E1a/validated data AQ e-Reporting","03/07/2025 21:59:06","https://eeadmz1batchservice02.blob.core.windows.net/airquality-p-e1a/IE/SPO.IE.IE0145ASample1_5.parquet","day"
"Ireland","NET.IE001","Ireland Air Quality e-Reporting monitoring network for compliance and informative reporting","IE0132A","Dublin Dun Laoghaire The Glen","SPO.IE.IE0132ASample2_5","PM10","Particulate matter < 10 µm (aerosol)","P1Y","Annual mean / 1 calendar year","2015","13.291","ug/m3","98.90","1","Background","Suburban","-6.1319","53.2858","29.0","","","","E1a/validated data AQ e-Reporting","03/07/2025 21:59:06","https://eeadmz1batchservice02.blob.core.windows.net/airquality-p-e1a/IE/SPO.IE.IE0132ASample2_5.parquet","day"
"Ireland","NET.IE001","Ireland Air Quality e-Reporting monitoring network for compliance and informative reporting","IE0090A","Monaghan Kilkitt Waterworks","SPO.IE.IE0090ASample2_5","PM10","Particulate matter < 10 µm (aerosol)","P1Y","Annual mean / 1 calendar year","2015","9.220","ug/m3","89.59","1","Background","Rural","-6.8831","54.0661","170.0","","","","E1a/validated data AQ e-Reporting","03/07/2025 21:59:06","https://eeadmz1batchservice02.blob.core.windows.net/airquality-p-e1a/IE/SPO.IE.IE0090ASample2_5.parquet","day"
"Ireland","NET.IE001","Ireland Air Quality e-Reporting monitoring network for compliance and informative reporting","IE0118A","Mayo Castlebar John Moore Road","SPO.IE.IE0118ASample2_5","PM10","Particulate matter < 10 µm (aerosol)","P1Y","Annual mean / 1 calendar year","2015","12.946","ug/m3","98.36","1","Background","Suburban","-9.2997","53.8511","41.0","","","","E1a/validated data AQ e-Reporting","03/07/2025 21:59:06","https://eeadmz1batchservice02.blob.core.windows.net/airquality-p-e1a/IE/SPO.IE.IE0118ASample2_5.parquet","day"
"Ireland","NET.IE001","Ireland Air Quality e-Reporting monitoring network for compliance and informative reporting","IE0028A","Dublin Rathmines Wynnefield Road","SPO.IE.IE0028ASample2_5","PM10","Particulate matter < 10 µm (aerosol)","P1Y","Annual mean / 1 calendar year","2015","15.331","ug/m3","99.45","1","Background","Urban","-6.2672","53.3220","27.0","Dublin                                                                          ","IE001C1                                           ","516255","E1a/validated data AQ e-Reporting","03/07/2025 21:59:06","https://eeadmz1batchservice02.blob.core.windows.net/airquality-p-e1a/IE/SPO.IE.IE0028ASample2_5.parquet","day"
"Ireland","NET.IE001","Ireland Air Quality e-Reporting monitoring network for compliance and informative reporting","IE0098A","Dublin Winetavern Street","SPO.IE.IE0098ASample2_5","PM10","Particulate matter < 10 µm (aerosol)","P1Y","Annual mean / 1 calendar year","2015","13.833","ug/m3","98.08","1","Traffic","Urban","-6.2889","53.3417","9.0","Dublin                                                                          ","IE001C1                                           ","516255","E1a/validated data AQ e-Reporting","03/07/2025 21:59:06","https://eeadmz1batchservice02.blob.core.windows.net/airquality-p-e1a/IE/SPO.IE.IE0098ASample2_5.parquet","day"
"Ireland","NET.IE001","Ireland Air Quality e-Reporting monitoring network for compliance and informative reporting","IE0131A","Dublin Blanchardstown River Road","SPO.IE.IE0131ASample2_5","PM10","Particulate matter < 10 µm (aerosol)","P1Y","Annual mean / 1 calendar year","2015","17.384","ug/m3","98.90","1","Traffic","Suburban","-6.3699","53.3856","51.0","","","","E1a/validated data AQ e-Reporting","03/07/2025 21:59:06","https://eeadmz1batchservice02.blob.core.windows.net/airquality-p-e1a/IE/SPO.IE.IE0131ASample2_5.parquet","day"
"Ireland","NET.IE001","Ireland Air Quality e-Reporting monitoring network for compliance and informative reporting","IE0137A","Clare Ennis Drumbiggle Road","SPO.IE.IE0137ASample2_5","PM10","Particulate matter < 10 µm (aerosol)","P1Y","Annual mean / 1 calendar year","2015","17.724","ug/m3","93.97","1","Background","Suburban","-8.9893","52.8432","5.0","","","","E1a/validated data AQ e-Reporting","03/07/2025 21:59:06","https://eeadmz1batchservice02.blob.core.windows.net/airquality-p-e1a/IE/SPO.IE.IE0137ASample2_5.parquet",""
"Ireland","NET.IE001","Ireland Air Quality e-Reporting monitoring network for compliance and informative reporting","IE001DM","Wexford Enniscorthy Parnell Road","SPO.IE.IE001DMSample2_5","PM10","Particulate matter < 10 µm (aerosol)","P1Y","Annual mean / 1 calendar year","2015","10.493","ug/m3","49.59","1","Background","Suburban","-6.5708","52.4985","30.0","","","","E1a/validated data AQ e-Reporting","03/07/2025 21:59:06","https://eeadmz1batchservice02.blob.core.windows.net/airquality-p-e1a/IE/SPO.IE.IE001DMSample2_5.parquet","day"
"Ireland","NET.IE001","Ireland Air Quality e-Reporting monitoring network for compliance and informative reporting","IE0095A","Dublin Phoenix Park Ordnance Survey Road","SPO.IE.IE0095ASample1_5","PM10","Particulate matter < 10 µm (aerosol)","P1Y","Annual mean / 1 calendar year","2016","10.505","ug/m3","95.63","1","Background","Suburban","-6.3490","53.3644","35.0","Dublin                                                                          ","IE001C1                                           ","516255","E1a/validated data AQ e-Reporting","03/07/2025 21:59:06","https://eeadmz1batchservice02.blob.core.windows.net/airquality-p-e1a/IE/SPO.IE.IE0095ASample1_5.parquet","day"
"Ireland","NET.IE001","Ireland Air Quality e-Reporting monitoring network for compliance and informative reporting","IE0036A","Dublin Ballyfermot Library","SPO.IE.IE0036ASample2_5","PM10","Particulate matter < 10 µm (aerosol)","P1Y","Annual mean / 1 calendar year","2016","10.651","ug/m3","99.45","1","Background","Suburban","-6.3523","53.3405","43.0","Dublin                                                                          ","IE001C1                                           ","516255","E1a/validated data AQ e-Reporting","03/07/2025 21:59:06","https://eeadmz1batchservice02.blob.core.windows.net/airquality-p-e1a/IE/SPO.IE.IE0036ASample2_5.parquet","day"
"Ireland","NET.IE001","Ireland Air Quality e-Reporting monitoring network for compliance and informative reporting","IE0110A","Cork Ballinlough Heatherton Park","SPO.IE.IE0110ASample1_5","PM10","Particulate matter < 10 µm (aerosol)","P1Y","Annual mean / 1 calendar year","2016","11.501","ug/m3","100.00","1","Background","Suburban","-8.4571","51.8819","4.0","Cork                                                                            ","IE002C1                                           ","118713","E1a/validated data AQ e-Reporting","03/07/2025 21:59:06","https://eeadmz1batchservice02.blob.core.windows.net/airquality-p-e1a/IE/SPO.IE.IE0110ASample1_5.parquet","day"
"Ireland","NET.IE001","Ireland Air Quality e-Reporting monitoring network for compliance and informative reporting","IE0125A","Galway City Bodkin Roundabout","SPO.IE.IE0125ASample1_5","PM10","Particulate matter < 10 µm (aerosol)","P1Y","Annual mean / 1 calendar year","2016","15.261","ug/m3","93.99","1","Traffic","Suburban","-9.0492","53.2817","7.0","Galway                                                                          ","IE004C1                                           ","73963","E1a/validated data AQ e-Reporting","03/07/2025 21:59:06","https://eeadmz1batchservice02.blob.core.windows.net/airquality-p-e1a/IE/SPO.IE.IE0125ASample1_5.parquet","day"
"Ireland","NET.IE001","Ireland Air Quality e-Reporting monitoring network for compliance and informative reporting","IE001AP","Dublin Inchicore Davitt Road","SPO.IE.IE001APSample1_5","PM10","Particulate matter < 10 µm (aerosol)","P1Y","Annual mean / 1 calendar year","2016","13.477","ug/m3","99.18","1","Traffic","Suburban","-6.3090","53.3363","10.0","Dublin                                                                          ","IE001C1                                           ","516255","E1a/validated data AQ e-Reporting","03/07/2025 21:59:06","https://eeadmz1batchservice02.blob.core.windows.net/airquality-p-e1a/IE/SPO.IE.IE001APSample1_5.parquet","day"
"Ireland","NET.IE001","Ireland Air Quality e-Reporting monitoring network for compliance and informative reporting","IE001BP","Cork South Link Road Landfill","SPO.IE.IE001BPSample2_5","PM10","Particulate matter < 10 µm (aerosol)","P1Y","Annual mean / 1 calendar year","2016","17.902","ug/m3","98.09","1","Traffic","Suburban","-8.4750","51.9111","12.0","Cork                                                                            ","IE002C1                                           ","118713","E1a/validated data AQ e-Reporting","03/07/2025 21:59:06","https://eeadmz1batchservice02.blob.core.windows.net/airquality-p-e1a/IE/SPO.IE.IE001BPSample2_5.parquet","day"
"Ireland","NET.IE001","Ireland Air Quality e-Reporting monitoring network for compliance and informative reporting","IE0136A","Dublin Tallaght Old Bawn Road","SPO.IE.IE0136ASample2_5","PM10","Particulate matter < 10 µm (aerosol)","P1Y","Annual mean / 1 calendar year","2016","14.148","ug/m3","99.45","1","Background","Suburban","-6.3588","53.2805","102.0","","","","E1a/validated data AQ e-Reporting","03/07/2025 21:59:06","https://eeadmz1batchservice02.blob.core.windows.net/airquality-p-e1a/IE/SPO.IE.IE0136ASample2_5.parquet","day"
"Ireland","NET.IE001","Ireland Air Quality e-Reporting monitoring network for compliance and informative reporting","IE0145A","Mayo Claremorris","SPO.IE.IE0145ASample1_5","PM10","Particulate matter < 10 µm (aerosol)","P1Y","Annual mean / 1 calendar year","2016","10.131","ug/m3","90.98","1","Background","Rural","-9.0127","53.7039","44.0","","","","E1a/validated data AQ e-Reporting","03/07/2025 21:59:06","https://eeadmz1batchservice02.blob.core.windows.net/airquality-p-e1a/IE/SPO.IE.IE0145ASample1_5.parquet","day"
"Ireland","NET.IE001","Ireland Air Quality e-Reporting monitoring network for compliance and informative reporting","IE001CM","Laois Portlaoise Dublin Road","SPO.IE.IE001CMSample2_5","PM10","Particulate matter < 10 µm (aerosol)","P1Y","Annual mean / 1 calendar year","2016","11.666","ug/m3","83.33","1","Background","Suburban","-7.2887","53.0361","107.0","","","","E1a/validated data AQ e-Reporting","03/07/2025 21:59:06","https://eeadmz1batchservice02.blob.core.windows.net/airquality-p-e1a/IE/SPO.IE.IE001CMSample2_5.parquet","day"
"Ireland","NET.IE001","Ireland Air Quality e-Reporting monitoring network for compliance and informative reporting","IE001DM","Wexford Enniscorthy Parnell Road","SPO.IE.IE001DMSample2_5","PM10","Particulate matter < 10 µm (aerosol)","P1Y","Annual mean / 1 calendar year","2016","17.288","ug/m3","96.45","1","Background","Suburban","-6.5708","52.4985","30.0","","","","E1a/validated data AQ e-Reporting","03/07/2025 21:59:06","https://eeadmz1batchservice02.blob.core.windows.net/airquality-p-e1a/IE/SPO.IE.IE001DMSample2_5.parquet","day"
"Ireland","NET.IE001","Ireland Air Quality e-Reporting monitoring network for compliance and informative reporting","IE0137A","Clare Ennis Drumbiggle Road","SPO.IE.IE0137ASample2_5","PM10","Particulate matter < 10 µm (aerosol)","P1Y","Annual mean / 1 calendar year","2016","17.233","ug/m3","85.79","1","Background","Suburban","-8.9893","52.8432","5.0","","","","E1a/validated data AQ e-Reporting","03/07/2025 21:59:06","https://eeadmz1batchservice02.blob.core.windows.net/airquality-p-e1a/IE/SPO.IE.IE0137ASample2_5.parquet","day"
"Ireland","NET.IE001","Ireland Air Quality e-Reporting monitoring network for compliance and informative reporting","IE0118A","Mayo Castlebar John Moore Road","SPO.IE.IE0118ASample2_5","PM10","Particulate matter < 10 µm (aerosol)","P1Y","Annual mean / 1 calendar year","2016","11.901","ug/m3","98.36","1","Background","Suburban","-9.2997","53.8511","41.0","","","","E1a/validated data AQ e-Reporting","03/07/2025 21:59:06","https://eeadmz1batchservice02.blob.core.windows.net/airquality-p-e1a/IE/SPO.IE.IE0118ASample2_5.parquet","day"
"Ireland","NET.IE001","Ireland Air Quality e-Reporting monitoring network for compliance and informative reporting","IE0132A","Dublin Dun Laoghaire The Glen","SPO.IE.IE0132ASample2_5","PM10","Particulate matter < 10 µm (aerosol)","P1Y","Annual mean / 1 calendar year","2016","12.871","ug/m3","99.18","1","Background","Suburban","-6.1319","53.2858","29.0","","","","E1a/validated data AQ e-Reporting","03/07/2025 21:59:06","https://eeadmz1batchservice02.blob.core.windows.net/airquality-p-e1a/IE/SPO.IE.IE0132ASample2_5.parquet","day"
"Ireland","NET.IE001","Ireland Air Quality e-Reporting monitoring network for compliance and informative reporting","IE0028A","Dublin Rathmines Wynnefield Road","SPO.IE.IE0028ASample2_5","PM10","Particulate matter < 10 µm (aerosol)","P1Y","Annual mean / 1 calendar year","2016","14.888","ug/m3","84.70","1","Background","Urban","-6.2672","53.3220","27.0","Dublin                                                                          ","IE001C1                                           ","516255","E1a/validated data AQ e-Reporting","03/07/2025 21:59:06","https://eeadmz1batchservice02.blob.core.windows.net/airquality-p-e1a/IE/SPO.IE.IE0028ASample2_5.parquet","day"
"Ireland","NET.IE001","Ireland Air Quality e-Reporting monitoring network for compliance and informative reporting","IE0098A","Dublin Winetavern Street","SPO.IE.IE0098ASample2_5","PM10","Particulate matter < 10 µm (aerosol)","P1Y","Annual mean / 1 calendar year","2016","14.028","ug/m3","98.91","1","Traffic","Urban","-6.2889","53.3417","9.0","Dublin                                                                          ","IE001C1                                           ","516255","E1a/validated data AQ e-Reporting","03/07/2025 21:59:06","https://eeadmz1batchservice02.blob.core.windows.net/airquality-p-e1a/IE/SPO.IE.IE0098ASample2_5.parquet","day"
"Ireland","NET.IE001","Ireland Air Quality e-Reporting monitoring network for compliance and informative reporting","IE0131A","Dublin Blanchardstown River Road","SPO.IE.IE0131ASample2_5","PM10","Particulate matter < 10 µm (aerosol)","P1Y","Annual mean / 1 calendar year","2016","17.547","ug/m3","99.18","1","Traffic","Suburban","-6.3699","53.3856","51.0","","","","E1a/validated data AQ e-Reporting","03/07/2025 21:59:06","https://eeadmz1batchservice02.blob.core.windows.net/airquality-p-e1a/IE/SPO.IE.IE0131ASample2_5.parquet","day"
"Ireland","NET.IE001","Ireland Air Quality e-Reporting monitoring network for compliance and informative reporting","IE0090A","Monaghan Kilkitt Waterworks","SPO.IE.IE0090ASample2_5","PM10","Particulate matter < 10 µm (aerosol)","P1Y","Annual mean / 1 calendar year","2016","8.145","ug/m3","84.43","1","Background","Rural","-6.8831","54.0661","170.0","","","","E1a/validated data AQ e-Reporting","03/07/2025 21:59:06","https://eeadmz1batchservice02.blob.core.windows.net/airquality-p-e1a/IE/SPO.IE.IE0090ASample2_5.parquet","day"
"Ireland","NET.IE001","Ireland Air Quality e-Reporting monitoring network for compliance and informative reporting","IE001BP","Cork South Link Road Landfill","SPO.IE.IE001BPSample2_5","PM10","Particulate matter < 10 µm (aerosol)","P1Y","Annual mean / 1 calendar year","2017","17.242","ug/m3","100.00","1","Traffic","Suburban","-8.4750","51.9111","12.0","Cork                                                                            ","IE002C1                                           ","118713","E1a/validated data AQ e-Reporting","03/07/2025 21:59:06","https://eeadmz1batchservice02.blob.core.windows.net/airquality-p-e1a/IE/SPO.IE.IE001BPSample2_5.parquet","day"
"Ireland","NET.IE001","Ireland Air Quality e-Reporting monitoring network for compliance and informative reporting","IE0110A","Cork Ballinlough Heatherton Park","SPO.IE.IE0110ASample1_5","PM10","Particulate matter < 10 µm (aerosol)","P1Y","Annual mean / 1 calendar year","2017","10.390","ug/m3","97.81","1","Background","Suburban","-8.4571","51.8819","4.0","Cork                                                                            ","IE002C1                                           ","118713","E1a/validated data AQ e-Reporting","03/07/2025 21:59:06","https://eeadmz1batchservice02.blob.core.windows.net/airquality-p-e1a/IE/SPO.IE.IE0110ASample1_5.parquet","day"
"Ireland","NET.IE001","Ireland Air Quality e-Reporting monitoring network for compliance and informative reporting","IE0098A","Dublin Winetavern Street","SPO.IE.IE0098ASample2_5","PM10","Particulate matter < 10 µm (aerosol)","P1Y","Annual mean / 1 calendar year","2017","12.934","ug/m3","95.34","1","Traffic","Urban","-6.2889","53.3417","9.0","Dublin                                                                          ","IE001C1                                           ","516255","E1a/validated data AQ e-Reporting","03/07/2025 21:59:06","https://eeadmz1batchservice02.blob.core.windows.net/airquality-p-e1a/IE/SPO.IE.IE0098ASample2_5.parquet","day"
"Ireland","NET.IE001","Ireland Air Quality e-Reporting monitoring network for compliance and informative reporting","IE0095A","Dublin Phoenix Park Ordnance Survey Road","SPO.IE.IE0095ASample1_5","PM10","Particulate matter < 10 µm (aerosol)","P1Y","Annual mean / 1 calendar year","2017","9.075","ug/m3","99.45","1","Background","Suburban","-6.3490","53.3644","35.0","Dublin                                                                          ","IE001C1                                           ","516255","E1a/validated data AQ e-Reporting","03/07/2025 21:59:06","https://eeadmz1batchservice02.blob.core.windows.net/airquality-p-e1a/IE/SPO.IE.IE0095ASample1_5.parquet","day"
"Ireland","NET.IE001","Ireland Air Quality e-Reporting monitoring network for compliance and informative reporting","IE001AP","Dublin Inchicore Davitt Road","SPO.IE.IE001APSample1_5","PM10","Particulate matter < 10 µm (aerosol)","P1Y","Annual mean / 1 calendar year","2017","13.409","ug/m3","52.33","1","Traffic","Suburban","-6.3090","53.3363","10.0","Dublin                                                                          ","IE001C1                                           ","516255","E1a/validated data AQ e-Reporting","03/07/2025 21:59:06","https://eeadmz1batchservice02.blob.core.windows.net/airquality-p-e1a/IE/SPO.IE.IE001APSample1_5.parquet","day"
"Ireland","NET.IE001","Ireland Air Quality e-Reporting monitoring network for compliance and informative reporting","IE0036A","Dublin Ballyfermot Library","SPO.IE.IE0036ASample2_5","PM10","Particulate matter < 10 µm (aerosol)","P1Y","Annual mean / 1 calendar year","2017","11.992","ug/m3","94.79","1","Background","Suburban","-6.3523","53.3405","43.0","Dublin                                                                          ","IE001C1                                           ","516255","E1a/validated data AQ e-Reporting","03/07/2025 21:59:06","https://eeadmz1batchservice02.blob.core.windows.net/airquality-p-e1a/IE/SPO.IE.IE0036ASample2_5.parquet","day"
"Ireland","NET.IE001","Ireland Air Quality e-Reporting monitoring network for compliance and informative reporting","IE0145A","Mayo Claremorris","SPO.IE.IE0145ASample1_5","PM10","Particulate matter < 10 µm (aerosol)","P1Y","Annual mean / 1 calendar year","2017","10.799","ug/m3","92.88","1","Background","Rural","-9.0127","53.7039","44.0","","","","E1a/validated data AQ e-Reporting","03/07/2025 21:59:06","https://eeadmz1batchservice02.blob.core.windows.net/airquality-p-e1a/IE/SPO.IE.IE0145ASample1_5.parquet","day"
"Ireland","NET.IE001","Ireland Air Quality e-Reporting monitoring network for compliance and informative reporting","IE0137A","Clare Ennis Drumbiggle Road","SPO.IE.IE0137ASample2_5","PM10","Particulate matter < 10 µm (aerosol)","P1Y","Annual mean / 1 calendar year","2017","15.774","ug/m3","97.53","1","Background","Suburban","-8.9893","52.8432","5.0","","","","E1a/validated data AQ e-Reporting","03/07/2025 21:59:06","https://eeadmz1batchservice02.blob.core.windows.net/airquality-p-e1a/IE/SPO.IE.IE0137ASample2_5.parquet","day"
"Ireland","NET.IE001","Ireland Air Quality e-Reporting monitoring network for compliance and informative reporting","IE0090A","Monaghan Kilkitt Waterworks","SPO.IE.IE0090ASample2_5","PM10","Particulate matter < 10 µm (aerosol)","P1Y","Annual mean / 1 calendar year","2017","7.834","ug/m3","90.68","1","Background","Rural","-6.8831","54.0661","170.0","","","","E1a/validated data AQ e-Reporting","03/07/2025 21:59:06","https://eeadmz1batchservice02.blob.core.windows.net/airquality-p-e1a/IE/SPO.IE.IE0090ASample2_5.parquet","day"
"Ireland","NET.IE001","Ireland Air Quality e-Reporting monitoring network for compliance and informative reporting","IE0132A","Dublin Dun Laoghaire The Glen","SPO.IE.IE0132ASample2_5","PM10","Particulate matter < 10 µm (aerosol)","P1Y","Annual mean / 1 calendar year","2017","11.785","ug/m3","98.63","1","Background","Suburban","-6.1319","53.2858","29.0","","","","E1a/validated data AQ e-Reporting","03/07/2025 21:59:06","https://eeadmz1batchservice02.blob.core.windows.net/airquality-p-e1a/IE/SPO.IE.IE0132ASample2_5.parquet","day"
"Ireland","NET.IE001","Ireland Air Quality e-Reporting monitoring network for compliance and informative reporting","IE0118A","Mayo Castlebar John Moore Road","SPO.IE.IE0118ASample2_5","PM10","Particulate matter < 10 µm (aerosol)","P1Y","Annual mean / 1 calendar year","2017","11.154","ug/m3","96.44","1","Background","Suburban","-9.2997","53.8511","41.0","","","","E1a/validated data AQ e-Reporting","03/07/2025 21:59:06","https://eeadmz1batchservice02.blob.core.windows.net/airquality-p-e1a/IE/SPO.IE.IE0118ASample2_5.parquet","day"
"Ireland","NET.IE001","Ireland Air Quality e-Reporting monitoring network for compliance and informative reporting","IE001CM","Laois Portlaoise Dublin Road","SPO.IE.IE001CMSample2_5","PM10","Particulate matter < 10 µm (aerosol)","P1Y","Annual mean / 1 calendar year","2017","13.396","ug/m3","44.93","1","Background","Suburban","-7.2887","53.0361","107.0","","","","E1a/validated data AQ e-Reporting","03/07/2025 21:59:06","https://eeadmz1batchservice02.blob.core.windows.net/airquality-p-e1a/IE/SPO.IE.IE001CMSample2_5.parquet","day"
"Ireland","NET.IE001","Ireland Air Quality e-Reporting monitoring network for compliance and informative reporting","IE0136A","Dublin Tallaght Old Bawn Road","SPO.IE.IE0136ASample2_5","PM10","Particulate matter < 10 µm (aerosol)","P1Y","Annual mean / 1 calendar year","2017","11.785","ug/m3","98.63","1","Background","Suburban","-6.3588","53.2805","102.0","","","","E1a/validated data AQ e-Reporting","03/07/2025 21:59:06","https://eeadmz1batchservice02.blob.core.windows.net/airquality-p-e1a/IE/SPO.IE.IE0136ASample2_5.parquet","day"
"Ireland","NET.IE001","Ireland Air Quality e-Reporting monitoring network for compliance and informative reporting","IE0131A","Dublin Blanchardstown River Road","SPO.IE.IE0131ASample2_5","PM10","Particulate matter < 10 µm (aerosol)","P1Y","Annual mean / 1 calendar year","2017","14.968","ug/m3","99.18","1","Traffic","Suburban","-6.3699","53.3856","51.0","","","","E1a/validated data AQ e-Reporting","03/07/2025 21:59:06","https://eeadmz1batchservice02.blob.core.windows.net/airquality-p-e1a/IE/SPO.IE.IE0131ASample2_5.parquet","day"
"Ireland","NET.IE001","Ireland Air Quality e-Reporting monitoring network for compliance and informative reporting","IE0028A","Dublin Rathmines Wynnefield Road","SPO.IE.IE0028ASample2_5","PM10","Particulate matter < 10 µm (aerosol)","P1Y","Annual mean / 1 calendar year","2017","13.439","ug/m3","98.63","1","Background","Urban","-6.2672","53.3220","27.0","Dublin                                                                          ","IE001C1                                           ","516255","E1a/validated data AQ e-Reporting","03/07/2025 21:59:06","https://eeadmz1batchservice02.blob.core.windows.net/airquality-p-e1a/IE/SPO.IE.IE0028ASample2_5.parquet","day"
"Ireland","NET.IE001","Ireland Air Quality e-Reporting monitoring network for compliance and informative reporting","IE004AP","Dublin Ringsend recycling Centre","SPO.IE.IE004APSample2_5","PM10","Particulate matter < 10 µm (aerosol)","P1Y","Annual mean / 1 calendar year","2017","13.396","ug/m3","44.93","1","Traffic","Urban","-6.2141","53.3419","4.0","Dublin                                                                          ","IE001C1                                           ","516255","E1a/validated data AQ e-Reporting","03/07/2025 21:59:06","https://eeadmz1batchservice02.blob.core.windows.net/airquality-p-e1a/IE/SPO.IE.IE004APSample2_5.parquet","day"
"Ireland","NET.IE001","Ireland Air Quality e-Reporting monitoring network for compliance and informative reporting","IE003AP","Dublin Finglas Mellowes Road","SPO.IE.IE003APSample1_5","PM10","Particulate matter < 10 µm (aerosol)","P1Y","Annual mean / 1 calendar year","2018","10.697","ug/m3","41.64","1","Background","Suburban","-6.3053","53.3903","64.0","Dublin                                                                          ","IE001C1                                           ","516255","E1a/validated data AQ e-Reporting","03/07/2025 21:59:06","https://eeadmz1batchservice02.blob.core.windows.net/airquality-p-e1a/IE/SPO.IE.IE003APSample1_5.parquet","day"
"Ireland","NET.IE001","Ireland Air Quality e-Reporting monitoring network for compliance and informative reporting","IE0036A","Dublin Ballyfermot Library","SPO.IE.IE0036ASample2_5","PM10","Particulate matter < 10 µm (aerosol)","P1Y","Annual mean / 1 calendar year","2018","15.832","ug/m3","66.85","1","Background","Suburban","-6.3523","53.3405","43.0","Dublin                                                                          ","IE001C1                                           ","516255","E1a/validated data AQ e-Reporting","03/07/2025 21:59:06","https://eeadmz1batchservice02.blob.core.windows.net/airquality-p-e1a/IE/SPO.IE.IE0036ASample2_5.parquet","day"
"Ireland","NET.IE001","Ireland Air Quality e-Reporting monitoring network for compliance and informative reporting","IE002AP","Dublin Raheny Saint Anne's Park","SPO.IE.IE002APSample1_5","PM10","Particulate matter < 10 µm (aerosol)","P1Y","Annual mean / 1 calendar year","2018","10.522","ug/m3","32.33","1","Background","Suburban","-6.1726","53.3688","10.0","Dublin                                                                          ","IE001C1                                           ","516255","E1a/validated data AQ e-Reporting","03/07/2025 21:59:06","https://eeadmz1batchservice02.blob.core.windows.net/airquality-p-e1a/IE/SPO.IE.IE002APSample1_5.parquet","day"
"Ireland","NET.IE001","Ireland Air Quality e-Reporting monitoring network for compliance and informative reporting","IE005CP","Waterford Waterford City Paddy Brownes Road","SPO.IE.IE005CPSample1_5","PM10","Particulate matter < 10 µm (aerosol)","P1Y","Annual mean / 1 calendar year","2018","13.473","ug/m3","9.04","1","Background","Suburban","-7.1516","52.2471","21.0","Waterford                                                                       ","IE005C1                                           ","46583","E1a/validated data AQ e-Reporting","03/07/2025 21:59:06","https://eeadmz1batchservice02.blob.core.windows.net/airquality-p-e1a/IE/SPO.IE.IE005CPSample1_5.parquet","day"
"Ireland","NET.IE001","Ireland Air Quality e-Reporting monitoring network for compliance and informative reporting","IE0106A","Dublin Marino Brian Road","SPO.IE.IE0106ASample1_5","PM10","Particulate matter < 10 µm (aerosol)","P1Y","Annual mean / 1 calendar year","2018","12.149","ug/m3","37.26","1","Background","Suburban","-6.2279","53.3682","14.0","Dublin                                                                          ","IE001C1                                           ","516255","E1a/validated data AQ e-Reporting","03/07/2025 21:59:06","https://eeadmz1batchservice02.blob.core.windows.net/airquality-p-e1a/IE/SPO.IE.IE0106ASample1_5.parquet","day"
"Ireland","NET.IE001","Ireland Air Quality e-Reporting monitoring network for compliance and informative reporting","IE001BP","Cork South Link Road Landfill","SPO.IE.IE001BPSample2_5","PM10","Particulate matter < 10 µm (aerosol)","P1Y","Annual mean / 1 calendar year","2018","16.862","ug/m3","98.36","1","Traffic","Suburban","-8.4750","51.9111","12.0","Cork                                                                            ","IE002C1                                           ","118713","E1a/validated data AQ e-Reporting","03/07/2025 21:59:06","https://eeadmz1batchservice02.blob.core.windows.net/airquality-p-e1a/IE/SPO.IE.IE001BPSample2_5.parquet","day"
"Ireland","NET.IE001","Ireland Air Quality e-Reporting monitoring network for compliance and informative reporting","IE0132A","Dublin Dun Laoghaire The Glen","SPO.IE.IE0132ASample2_5","PM10","Particulate matter < 10 µm (aerosol)","P1Y","Annual mean / 1 calendar year","2018","12.800","ug/m3","94.25","1","Background","Suburban","-6.1319","53.2858","29.0","","","","E1a/validated data AQ e-Reporting","03/07/2025 21:59:06","https://eeadmz1batchservice02.blob.core.windows.net/airquality-p-e1a/IE/SPO.IE.IE0132ASample2_5.parquet","day"
"Ireland","NET.IE001","Ireland Air Quality e-Reporting monitoring network for compliance and informative reporting","IE001AP","Dublin Inchicore Davitt Road","SPO.IE.IE001APSample1_5","PM10","Particulate matter < 10 µm (aerosol)","P1Y","Annual mean / 1 calendar year","2018","13.820","ug/m3","24.66","1","Traffic","Suburban","-6.3090","53.3363","10.0","Dublin                                                                          ","IE001C1                                           ","516255","E1a/validated data AQ e-Reporting","03/07/2025 21:59:06","https://eeadmz1batchservice02.blob.core.windows.net/airquality-p-e1a/IE/SPO.IE.IE001APSample1_5.parquet","day"
"Ireland","NET.IE001","Ireland Air Quality e-Reporting monitoring network for compliance and informative reporting","IE004CP","Galway Galway City Rahoon Road","SPO.IE.IE004CPSample1_5","PM10","Particulate matter < 10 µm (aerosol)","P1Y","Annual mean / 1 calendar year","2018","14.937","ug/m3","8.22","1","Background","Suburban","-9.0859","53.2736","20.0","Galway                                                                          ","IE004C1                                           ","73963","E1a/validated data AQ e-Reporting","03/07/2025 21:59:06","https://eeadmz1batchservice02.blob.core.windows.net/airquality-p-e1a/IE/SPO.IE.IE004CPSample1_5.parquet","day"
"Ireland","NET.IE001","Ireland Air Quality e-Reporting monitoring network for compliance and informative reporting","IE0095A","Dublin Phoenix Park Ordnance Survey Road","SPO.IE.IE0095ASample1_5","PM10","Particulate matter < 10 µm (aerosol)","P1Y","Annual mean / 1 calendar year","2018","11.452","ug/m3","99.18","1","Background","Suburban","-6.3490","53.3644","35.0","Dublin                                                                          ","IE001C1                                           ","516255","E1a/validated data AQ e-Reporting","03/07/2025 21:59:06","https://eeadmz1batchservice02.blob.core.windows.net/airquality-p-e1a/IE/SPO.IE.IE0095ASample1_5.parquet","day"
"Ireland","NET.IE001","Ireland Air Quality e-Reporting monitoring network for compliance and informative reporting","IE0110A","Cork Ballinlough Heatherton Park","SPO.IE.IE0110ASample1_5","PM10","Particulate matter < 10 µm (aerosol)","P1Y","Annual mean / 1 calendar year","2018","11.515","ug/m3","78.63","1","Background","Suburban","-8.4571","51.8819","4.0","Cork                                                                            ","IE002C1                                           ","118713","E1a/validated data AQ e-Reporting","03/07/2025 21:59:06","https://eeadmz1batchservice02.blob.core.windows.net/airquality-p-e1a/IE/SPO.IE.IE0110ASample1_5.parquet","day"
"Ireland","NET.IE001","Ireland Air Quality e-Reporting monitoring network for compliance and informative reporting","IE0136A","Dublin Tallaght Old Bawn Road","SPO.IE.IE0136ASample2_5","PM10","Particulate matter < 10 µm (aerosol)","P1Y","Annual mean / 1 calendar year","2018","14.530","ug/m3","97.81","1","Background","Suburban","-6.3588","53.2805","102.0","","","","E1a/validated data AQ e-Reporting","03/07/2025 21:59:06","https://eeadmz1batchservice02.blob.core.windows.net/airquality-p-e1a/IE/SPO.IE.IE0136ASample2_5.parquet","day"
"Ireland","NET.IE001","Ireland Air Quality e-Reporting monitoring network for compliance and informative reporting","IE003CP","Carlow Carlow Town County Council Offices","SPO.IE.IE003CPSample1_5","PM10","Particulate matter < 10 µm (aerosol)","P1Y","Annual mean / 1 calendar year","2018","11.744","ug/m3","29.32","1","Background","Suburban","-6.9317","52.8397","50.0","","","","E1a/validated data AQ e-Reporting","03/07/2025 21:59:06","https://eeadmz1batchservice02.blob.core.windows.net/airquality-p-e1a/IE/SPO.IE.IE003CPSample1_5.parquet","day"
"Ireland","NET.IE001","Ireland Air Quality e-Reporting monitoring network for compliance and informative reporting","IE0090A","Monaghan Kilkitt Waterworks","SPO.IE.IE0090ASample2_5","PM10","Particulate matter < 10 µm (aerosol)","P1Y","Annual mean / 1 calendar year","2018","8.456","ug/m3","94.79","1","Background","Rural","-6.8831","54.0661","170.0","","","","E1a/validated data AQ e-Reporting","03/07/2025 21:59:06","https://eeadmz1batchservice02.blob.core.windows.net/airquality-p-e1a/IE/SPO.IE.IE0090ASample2_5.parquet","day"
"Ireland","NET.IE001","Ireland Air Quality e-Reporting monitoring network for compliance and informative reporting","IE005DP","Cork Cobh Carrignafoy","SPO.IE.IE005DPSample1_5","PM10","Particulate matter < 10 µm (aerosol)","P1Y","Annual mean / 1 calendar year","2018","14.904","ug/m3","12.88","1","Background","Suburban","-8.2878","51.8550","79.0","","","","E1a/validated data AQ e-Reporting","03/07/2025 21:59:06","https://eeadmz1batchservice02.blob.core.windows.net/airquality-p-e1a/IE/SPO.IE.IE005DPSample1_5.parquet","day"
"Ireland","NET.IE001","Ireland Air Quality e-Reporting monitoring network for compliance and informative reporting","IE001DM","Wexford Enniscorthy Parnell Road","SPO.IE.IE001DMSample2_5","PM10","Particulate matter < 10 µm (aerosol)","P1Y","Annual mean / 1 calendar year","2018","17.574","ug/m3","42.47","1","Background","Suburban","-6.5708","52.4985","30.0","","","","E1a/validated data AQ e-Reporting","03/07/2025 21:59:06","https://eeadmz1batchservice02.blob.core.windows.net/airquality-p-e1a/IE/SPO.IE.IE001DMSample2_5.parquet","day"
"Ireland","NET.IE001","Ireland Air Quality e-Reporting monitoring network for compliance and informative reporting","IE002CM","Louth Dundalk Meadow Grove","SPO.IE.IE002CMSample2_5","PM10","Particulate matter < 10 µm (aerosol)","P1Y","Annual mean / 1 calendar year","2018","14.618","ug/m3","81.10","1","Background","Suburban","-6.3926","54.0031","1.0","","","","E1a/validated data AQ e-Reporting","03/07/2025 21:59:06","https://eeadmz1batchservice02.blob.core.windows.net/airquality-p-e1a/IE/SPO.IE.IE002CMSample2_5.parquet","day"
"Ireland","NET.IE001","Ireland Air Quality e-Reporting monitoring network for compliance and informative reporting","IE001CM","Laois Portlaoise Dublin Road","SPO.IE.IE001CMSample2_5","PM10","Particulate matter < 10 µm (aerosol)","P1Y","Annual mean / 1 calendar year","2018","10.840","ug/m3","90.68","1","Background","Suburban","-7.2887","53.0361","107.0","","","","E1a/validated data AQ e-Reporting","03/07/2025 21:59:06","https://eeadmz1batchservice02.blob.core.windows.net/airquality-p-e1a/IE/SPO.IE.IE001CMSample2_5.parquet","day"
"Ireland","NET.IE001","Ireland Air Quality e-Reporting monitoring network for compliance and informative reporting","IE0137A","Clare Ennis Drumbiggle Road","SPO.IE.IE0137ASample2_5","PM10","Particulate matter < 10 µm (aerosol)","P1Y","Annual mean / 1 calendar year","2018","15.812","ug/m3","83.29","1","Background","Suburban","-8.9893","52.8432","5.0","","","","E1a/validated data AQ e-Reporting","03/07/2025 21:59:06","https://eeadmz1batchservice02.blob.core.windows.net/airquality-p-e1a/IE/SPO.IE.IE0137ASample2_5.parquet","day"
"Ireland","NET.IE001","Ireland Air Quality e-Reporting monitoring network for compliance and informative reporting","IE0145A","Mayo Claremorris","SPO.IE.IE0145ASample1_5","PM10","Particulate matter < 10 µm (aerosol)","P1Y","Annual mean / 1 calendar year","2018","12.151","ug/m3","98.63","1","Background","Rural","-9.0127","53.7039","44.0","","","","E1a/validated data AQ e-Reporting","03/07/2025 21:59:06","https://eeadmz1batchservice02.blob.core.windows.net/airquality-p-e1a/IE/SPO.IE.IE0145ASample1_5.parquet","day"
"Ireland","NET.IE001","Ireland Air Quality e-Reporting monitoring network for compliance and informative reporting","IE002DP","Roscommon Roscommon Town County Council Offices","SPO.IE.IE002DPSample1_5","PM10","Particulate matter < 10 µm (aerosol)","P1Y","Annual mean / 1 calendar year","2018","12.084","ug/m3","32.33","1","Background","Suburban","-8.1944","53.6294","61.0","","","","E1a/validated data AQ e-Reporting","03/07/2025 21:59:06","https://eeadmz1batchservice02.blob.core.windows.net/airquality-p-e1a/IE/SPO.IE.IE002DPSample1_5.parquet","day"
"Ireland","NET.IE001","Ireland Air Quality e-Reporting monitoring network for compliance and informative reporting","IE0131A","Dublin Blanchardstown River Road","SPO.IE.IE0131ASample2_5","PM10","Particulate matter < 10 µm (aerosol)","P1Y","Annual mean / 1 calendar year","2018","17.197","ug/m3","99.45","1","Traffic","Suburban","-6.3699","53.3856","51.0","","","","E1a/validated data AQ e-Reporting","03/07/2025 21:59:06","https://eeadmz1batchservice02.blob.core.windows.net/airquality-p-e1a/IE/SPO.IE.IE0131ASample2_5.parquet","day"
"Ireland","NET.IE001","Ireland Air Quality e-Reporting monitoring network for compliance and informative reporting","IE0028A","Dublin Rathmines Wynnefield Road","SPO.IE.IE0028ASample2_5","PM10","Particulate matter < 10 µm (aerosol)","P1Y","Annual mean / 1 calendar year","2018","15.116","ug/m3","98.63","1","Background","Urban","-6.2672","53.3220","27.0","Dublin                                                                          ","IE001C1                                           ","516255","E1a/validated data AQ e-Reporting","03/07/2025 21:59:06","https://eeadmz1batchservice02.blob.core.windows.net/airquality-p-e1a/IE/SPO.IE.IE0028ASample2_5.parquet","day"
"Ireland","NET.IE001","Ireland Air Quality e-Reporting monitoring network for compliance and informative reporting","IE0118A","Mayo Castlebar John Moore Road","SPO.IE.IE0118ASample2_5","PM10","Particulate matter < 10 µm (aerosol)","P1Y","Annual mean / 1 calendar year","2018","11.366","ug/m3","93.15","1","Background","Suburban","-9.2997","53.8511","41.0","","","","E1a/validated data AQ e-Reporting","03/07/2025 21:59:06","https://eeadmz1batchservice02.blob.core.windows.net/airquality-p-e1a/IE/SPO.IE.IE0118ASample2_5.parquet","day"
"Ireland","NET.IE001","Ireland Air Quality e-Reporting monitoring network for compliance and informative reporting","IE004AP","Dublin Ringsend recycling Centre","SPO.IE.IE004APSample2_5","PM10","Particulate matter < 10 µm (aerosol)","P1Y","Annual mean / 1 calendar year","2018","19.620","ug/m3","85.21","1","Traffic","Urban","-6.2141","53.3419","4.0","Dublin                                                                          ","IE001C1                                           ","516255","E1a/validated data AQ e-Reporting","03/07/2025 21:59:06","https://eeadmz1batchservice02.blob.core.windows.net/airquality-p-e1a/IE/SPO.IE.IE004APSample2_5.parquet","day"
"Ireland","NET.IE001","Ireland Air Quality e-Reporting monitoring network for compliance and informative reporting","IE005AP","Dublin Kilmainham St. John's Road West","SPO.IE.IE005APSample1_5","PM10","Particulate matter < 10 µm (aerosol)","P1Y","Annual mean / 1 calendar year","2018","13.960","ug/m3","18.36","1","Traffic","Urban","-6.2948","53.3458","7.0","Dublin                                                                          ","IE001C1                                           ","516255","E1a/validated data AQ e-Reporting","03/07/2025 21:59:06","https://eeadmz1batchservice02.blob.core.windows.net/airquality-p-e1a/IE/SPO.IE.IE005APSample1_5.parquet","day"
"Ireland","NET.IE001","Ireland Air Quality e-Reporting monitoring network for compliance and informative reporting","IE0098A","Dublin Winetavern Street","SPO.IE.IE0098ASample2_5","PM10","Particulate matter < 10 µm (aerosol)","P1Y","Annual mean / 1 calendar year","2018","14.356","ug/m3","95.89","1","Traffic","Urban","-6.2889","53.3417","9.0","Dublin                                                                          ","IE001C1                                           ","516255","E1a/validated data AQ e-Reporting","03/07/2025 21:59:06","https://eeadmz1batchservice02.blob.core.windows.net/airquality-p-e1a/IE/SPO.IE.IE0098ASample2_5.parquet","day"
"Ireland","NET.IE001","Ireland Air Quality e-Reporting monitoring network for compliance and informative reporting","IE003AP","Dublin Finglas Mellowes Road","SPO.IE.IE003APSample1_5","PM10","Particulate matter < 10 µm (aerosol)","P1Y","Annual mean / 1 calendar year","2019","13.325","ug/m3","100.00","1","Background","Suburban","-6.3053","53.3903","64.0","Dublin                                                                          ","IE001C1                                           ","516255","E1a/validated data AQ e-Reporting","03/07/2025 21:59:06","https://eeadmz1batchservice02.blob.core.windows.net/airquality-p-e1a/IE/SPO.IE.IE003APSample1_5.parquet","day"
"Ireland","NET.IE001","Ireland Air Quality e-Reporting monitoring network for compliance and informative reporting","IE002AP","Dublin Raheny Saint Anne's Park","SPO.IE.IE002APSample1_5","PM10","Particulate matter < 10 µm (aerosol)","P1Y","Annual mean / 1 calendar year","2019","11.562","ug/m3","99.73","1","Background","Suburban","-6.1726","53.3688","10.0","Dublin                                                                          ","IE001C1                                           ","516255","E1a/validated data AQ e-Reporting","03/07/2025 21:59:06","https://eeadmz1batchservice02.blob.core.windows.net/airquality-p-e1a/IE/SPO.IE.IE002APSample1_5.parquet","day"
"Ireland","NET.IE001","Ireland Air Quality e-Reporting monitoring network for compliance and informative reporting","IE001BP","Cork South Link Road Landfill","SPO.IE.IE001BPSample2_5","PM10","Particulate matter < 10 µm (aerosol)","P1Y","Annual mean / 1 calendar year","2019","17.853","ug/m3","88.77","1","Traffic","Suburban","-8.4750","51.9111","12.0","Cork                                                                            ","IE002C1                                           ","118713","E1a/validated data AQ e-Reporting","03/07/2025 21:59:06","https://eeadmz1batchservice02.blob.core.windows.net/airquality-p-e1a/IE/SPO.IE.IE001BPSample2_5.parquet","day"
"Ireland","NET.IE001","Ireland Air Quality e-Reporting monitoring network for compliance and informative reporting","IE0110A","Cork Ballinlough Heatherton Park","SPO.IE.IE0110ASample1_5","PM10","Particulate matter < 10 µm (aerosol)","P1Y","Annual mean / 1 calendar year","2019","12.251","ug/m3","95.34","1","Background","Suburban","-8.4571","51.8819","4.0","Cork                                                                            ","IE002C1                                           ","118713","E1a/validated data AQ e-Reporting","03/07/2025 21:59:06","https://eeadmz1batchservice02.blob.core.windows.net/airquality-p-e1a/IE/SPO.IE.IE0110ASample1_5.parquet","day"
"Ireland","NET.IE001","Ireland Air Quality e-Reporting monitoring network for compliance and informative reporting","IE001AP","Dublin Inchicore Davitt Road","SPO.IE.IE001APSample1_5","PM10","Particulate matter < 10 µm (aerosol)","P1Y","Annual mean / 1 calendar year","2019","18.836","ug/m3","90.96","1","Traffic","Suburban","-6.3090","53.3363","10.0","Dublin                                                                          ","IE001C1                                           ","516255","E1a/validated data AQ e-Reporting","03/07/2025 21:59:06","https://eeadmz1batchservice02.blob.core.windows.net/airquality-p-e1a/IE/SPO.IE.IE001APSample1_5.parquet","day"
"Ireland","NET.IE001","Ireland Air Quality e-Reporting monitoring network for compliance and informative reporting","IE004CP","Galway Galway City Rahoon Road","SPO.IE.IE004CPSample1_5","PM10","Particulate matter < 10 µm (aerosol)","P1Y","Annual mean / 1 calendar year","2019","12.524","ug/m3","99.73","1","Background","Suburban","-9.0859","53.2736","20.0","Galway                                                                          ","IE004C1                                           ","73963","E1a/validated data AQ e-Reporting","03/07/2025 21:59:06","https://eeadmz1batchservice02.blob.core.windows.net/airquality-p-e1a/IE/SPO.IE.IE004CPSample1_5.parquet","day"
"Ireland","NET.IE001","Ireland Air Quality e-Reporting monitoring network for compliance and informative reporting","IE0095A","Dublin Phoenix Park Ordnance Survey Road","SPO.IE.IE0095ASample1_5","PM10","Particulate matter < 10 µm (aerosol)","P1Y","Annual mean / 1 calendar year","2019","11.306","ug/m3","100.00","1","Background","Suburban","-6.3490","53.3644","35.0","Dublin                                                                          ","IE001C1                                           ","516255","E1a/validated data AQ e-Reporting","03/07/2025 21:59:06","https://eeadmz1batchservice02.blob.core.windows.net/airquality-p-e1a/IE/SPO.IE.IE0095ASample1_5.parquet","day"
"Ireland","NET.IE001","Ireland Air Quality e-Reporting monitoring network for compliance and informative reporting","IE0106A","Dublin Marino Brian Road","SPO.IE.IE0106ASample1_5","PM10","Particulate matter < 10 µm (aerosol)","P1Y","Annual mean / 1 calendar year","2019","14.124","ug/m3","99.45","1","Background","Suburban","-6.2279","53.3682","14.0","Dublin                                                                          ","IE001C1                                           ","516255","E1a/validated data AQ e-Reporting","03/07/2025 21:59:06","https://eeadmz1batchservice02.blob.core.windows.net/airquality-p-e1a/IE/SPO.IE.IE0106ASample1_5.parquet","day"
"Ireland","NET.IE001","Ireland Air Quality e-Reporting monitoring network for compliance and informative reporting","IE005AP","Dublin Kilmainham St. John's Road West","SPO.IE.IE005APSample1_5","PM10","Particulate matter < 10 µm (aerosol)","P1Y","Annual mean / 1 calendar year","2019","13.836","ug/m3","97.81","1","Traffic","Urban","-6.2948","53.3458","7.0","Dublin                                                                          ","IE001C1                                           ","516255","E1a/validated data AQ e-Reporting","03/07/2025 21:59:06","https://eeadmz1batchservice02.blob.core.windows.net/airquality-p-e1a/IE/SPO.IE.IE005APSample1_5.parquet","day"
"Ireland","NET.IE001","Ireland Air Quality e-Reporting monitoring network for compliance and informative reporting","IE005CP","Waterford Waterford City Paddy Brownes Road","SPO.IE.IE005CPSample1_5","PM10","Particulate matter < 10 µm (aerosol)","P1Y","Annual mean / 1 calendar year","2019","14.908","ug/m3","98.08","1","Background","Suburban","-7.1516","52.2471","21.0","Waterford                                                                       ","IE005C1                                           ","46583","E1a/validated data AQ e-Reporting","03/07/2025 21:59:06","https://eeadmz1batchservice02.blob.core.windows.net/airquality-p-e1a/IE/SPO.IE.IE005CPSample1_5.parquet","day"
"Ireland","NET.IE001","Ireland Air Quality e-Reporting monitoring network for compliance and informative reporting","IE002BP","Cork Bishopstown MTU","SPO.IE.IE002BPSample2_5","PM10","Particulate matter < 10 µm (aerosol)","P1Y","Annual mean / 1 calendar year","2019","14.599","ug/m3","86.30","1","Background","Suburban","-8.5330","51.8841","21.0","Cork                                                                            ","IE002C1                                           ","118713","E1a/validated data AQ e-Reporting","03/07/2025 21:59:06","https://eeadmz1batchservice02.blob.core.windows.net/airquality-p-e1a/IE/SPO.IE.IE002BPSample2_5.parquet","day"
"Ireland","NET.IE001","Ireland Air Quality e-Reporting monitoring network for compliance and informative reporting","IE0036A","Dublin Ballyfermot Library","SPO.IE.IE0036ASample2_5","PM10","Particulate matter < 10 µm (aerosol)","P1Y","Annual mean / 1 calendar year","2019","13.931","ug/m3","99.18","1","Background","Suburban","-6.3523","53.3405","43.0","Dublin                                                                          ","IE001C1                                           ","516255","E1a/validated data AQ e-Reporting","03/07/2025 21:59:06","https://eeadmz1batchservice02.blob.core.windows.net/airquality-p-e1a/IE/SPO.IE.IE0036ASample2_5.parquet","day"
"Ireland","NET.IE001","Ireland Air Quality e-Reporting monitoring network for compliance and informative reporting","IE001DM","Wexford Enniscorthy Parnell Road","SPO.IE.IE001DMSample2_5","PM10","Particulate matter < 10 µm (aerosol)","P1Y","Annual mean / 1 calendar year","2019","18.332","ug/m3","100.00","1","Background","Suburban","-6.5708","52.4985","30.0","","","","E1a/validated data AQ e-Reporting","03/07/2025 21:59:06","https://eeadmz1batchservice02.blob.core.windows.net/airquality-p-e1a/IE/SPO.IE.IE001DMSample2_5.parquet","day"
"Ireland","NET.IE001","Ireland Air Quality e-Reporting monitoring network for compliance and informative reporting","IE002DP","Roscommon Roscommon Town County Council Offices","SPO.IE.IE002DPSample1_5","PM10","Particulate matter < 10 µm (aerosol)","P1Y","Annual mean / 1 calendar year","2019","11.879","ug/m3","100.00","1","Background","Suburban","-8.1944","53.6294","61.0","","","","E1a/validated data AQ e-Reporting","03/07/2025 21:59:06","https://eeadmz1batchservice02.blob.core.windows.net/airquality-p-e1a/IE/SPO.IE.IE002DPSample1_5.parquet","day"
"Ireland","NET.IE001","Ireland Air Quality e-Reporting monitoring network for compliance and informative reporting","IE0118A","Mayo Castlebar John Moore Road","SPO.IE.IE0118ASample2_5","PM10","Particulate matter < 10 µm (aerosol)","P1Y","Annual mean / 1 calendar year","2019","15.666","ug/m3","92.88","1","Background","Suburban","-9.2997","53.8511","41.0","","","","E1a/validated data AQ e-Reporting","03/07/2025 21:59:06","https://eeadmz1batchservice02.blob.core.windows.net/airquality-p-e1a/IE/SPO.IE.IE0118ASample2_5.parquet","day"
"Ireland","NET.IE001","Ireland Air Quality e-Reporting monitoring network for compliance and informative reporting","IE001CM","Laois Portlaoise Dublin Road","SPO.IE.IE001CMSample2_5","PM10","Particulate matter < 10 µm (aerosol)","P1Y","Annual mean / 1 calendar year","2019","14.650","ug/m3","40.00","1","Background","Suburban","-7.2887","53.0361","107.0","","","","E1a/validated data AQ e-Reporting","03/07/2025 21:59:06","https://eeadmz1batchservice02.blob.core.windows.net/airquality-p-e1a/IE/SPO.IE.IE001CMSample2_5.parquet","day"
"Ireland","NET.IE001","Ireland Air Quality e-Reporting monitoring network for compliance and informative reporting","IE005DP","Cork Cobh Carrignafoy","SPO.IE.IE005DPSample1_5","PM10","Particulate matter < 10 µm (aerosol)","P1Y","Annual mean / 1 calendar year","2019","13.224","ug/m3","100.00","1","Background","Suburban","-8.2878","51.8550","79.0","","","","E1a/validated data AQ e-Reporting","03/07/2025 21:59:06","https://eeadmz1batchservice02.blob.core.windows.net/airquality-p-e1a/IE/SPO.IE.IE005DPSample1_5.parquet","day"
"Ireland","NET.IE001","Ireland Air Quality e-Reporting monitoring network for compliance and informative reporting","IE0137A","Clare Ennis Drumbiggle Road","SPO.IE.IE0137ASample2_5","PM10","Particulate matter < 10 µm (aerosol)","P1Y","Annual mean / 1 calendar year","2019","17.967","ug/m3","83.01","1","Background","Suburban","-8.9893","52.8432","5.0","","","","E1a/validated data AQ e-Reporting","03/07/2025 21:59:06","https://eeadmz1batchservice02.blob.core.windows.net/airquality-p-e1a/IE/SPO.IE.IE0137ASample2_5.parquet","day"
"Ireland","NET.IE001","Ireland Air Quality e-Reporting monitoring network for compliance and informative reporting","IE0136A","Dublin Tallaght Old Bawn Road","SPO.IE.IE0136ASample2_5","PM10","Particulate matter < 10 µm (aerosol)","P1Y","Annual mean / 1 calendar year","2019","12.437","ug/m3","93.15","1","Background","Suburban","-6.3588","53.2805","102.0","","","","E1a/validated data AQ e-Reporting","03/07/2025 21:59:06","https://eeadmz1batchservice02.blob.core.windows.net/airquality-p-e1a/IE/SPO.IE.IE0136ASample2_5.parquet","day"
"Ireland","NET.IE001","Ireland Air Quality e-Reporting monitoring network for compliance and informative reporting","IE0131A","Dublin Blanchardstown River Road","SPO.IE.IE0131ASample2_5","PM10","Particulate matter < 10 µm (aerosol)","P1Y","Annual mean / 1 calendar year","2019","18.935","ug/m3","88.22","1","Traffic","Suburban","-6.3699","53.3856","51.0","","","","E1a/validated data AQ e-Reporting","03/07/2025 21:59:06","https://eeadmz1batchservice02.blob.core.windows.net/airquality-p-e1a/IE/SPO.IE.IE0131ASample2_5.parquet","day"
"Ireland","NET.IE001","Ireland Air Quality e-Reporting monitoring network for compliance and informative reporting","IE0145A","Mayo Claremorris","SPO.IE.IE0145ASample1_5","PM10","Particulate matter < 10 µm (aerosol)","P1Y","Annual mean / 1 calendar year","2019","11.317","ug/m3","92.33","1","Background","Rural","-9.0127","53.7039","44.0","","","","E1a/validated data AQ e-Reporting","03/07/2025 21:59:06","https://eeadmz1batchservice02.blob.core.windows.net/airquality-p-e1a/IE/SPO.IE.IE0145ASample1_5.parquet","day"
"Ireland","NET.IE001","Ireland Air Quality e-Reporting monitoring network for compliance and informative reporting","IE0147A","Kilkenny Seville Lodge","SPO.IE.IE0147ASample2_5","PM10","Particulate matter < 10 µm (aerosol)","P1Y","Annual mean / 1 calendar year","2019","17.827","ug/m3","97.81","1","Background","Suburban","-7.2681","52.6388","68.0","","","","E1a/validated data AQ e-Reporting","03/07/2025 21:59:06","https://eeadmz1batchservice02.blob.core.windows.net/airquality-p-e1a/IE/SPO.IE.IE0147ASample2_5.parquet","day"
"Ireland","NET.IE001","Ireland Air Quality e-Reporting monitoring network for compliance and informative reporting","IE003CP","Carlow Carlow Town County Council Offices","SPO.IE.IE003CPSample1_5","PM10","Particulate matter < 10 µm (aerosol)","P1Y","Annual mean / 1 calendar year","2019","11.001","ug/m3","100.00","1","Background","Suburban","-6.9317","52.8397","50.0","","","","E1a/validated data AQ e-Reporting","03/07/2025 21:59:06","https://eeadmz1batchservice02.blob.core.windows.net/airquality-p-e1a/IE/SPO.IE.IE003CPSample1_5.parquet","day"
"Ireland","NET.IE001","Ireland Air Quality e-Reporting monitoring network for compliance and informative reporting","IE004AP","Dublin Ringsend recycling Centre","SPO.IE.IE004APSample2_5","PM10","Particulate matter < 10 µm (aerosol)","P1Y","Annual mean / 1 calendar year","2019","18.847","ug/m3","88.77","1","Traffic","Urban","-6.2141","53.3419","4.0","Dublin                                                                          ","IE001C1                                           ","516255","E1a/validated data AQ e-Reporting","03/07/2025 21:59:06","https://eeadmz1batchservice02.blob.core.windows.net/airquality-p-e1a/IE/SPO.IE.IE004APSample2_5.parquet","day"
"Ireland","NET.IE001","Ireland Air Quality e-Reporting monitoring network for compliance and informative reporting","IE002CM","Louth Dundalk Meadow Grove","SPO.IE.IE002CMSample2_5","PM10","Particulate matter < 10 µm (aerosol)","P1Y","Annual mean / 1 calendar year","2019","14.496","ug/m3","91.78","1","Background","Suburban","-6.3926","54.0031","1.0","","","","E1a/validated data AQ e-Reporting","03/07/2025 21:59:06","https://eeadmz1batchservice02.blob.core.windows.net/airquality-p-e1a/IE/SPO.IE.IE002CMSample2_5.parquet","day"
"Ireland","NET.IE001","Ireland Air Quality e-Reporting monitoring network for compliance and informative reporting","IE0090A","Monaghan Kilkitt Waterworks","SPO.IE.IE0090ASample2_5","PM10","Particulate matter < 10 µm (aerosol)","P1Y","Annual mean / 1 calendar year","2019","7.274","ug/m3","97.53","1","Background","Rural","-6.8831","54.0661","170.0","","","","E1a/validated data AQ e-Reporting","03/07/2025 21:59:06","https://eeadmz1batchservice02.blob.core.windows.net/airquality-p-e1a/IE/SPO.IE.IE0090ASample2_5.parquet","day"
"Ireland","NET.IE001","Ireland Air Quality e-Reporting monitoring network for compliance and informative reporting","IE0132A","Dublin Dun Laoghaire The Glen","SPO.IE.IE0132ASample2_5","PM10","Particulate matter < 10 µm (aerosol)","P1Y","Annual mean / 1 calendar year","2019","12.193","ug/m3","87.12","1","Background","Suburban","-6.1319","53.2858","29.0","","","","E1a/validated data AQ e-Reporting","03/07/2025 21:59:06","https://eeadmz1batchservice02.blob.core.windows.net/airquality-p-e1a/IE/SPO.IE.IE0132ASample2_5.parquet","day"
"Ireland","NET.IE001","Ireland Air Quality e-Reporting monitoring network for compliance and informative reporting","IE0028A","Dublin Rathmines Wynnefield Road","SPO.IE.IE0028ASample2_5","PM10","Particulate matter < 10 µm (aerosol)","P1Y","Annual mean / 1 calendar year","2019","13.452","ug/m3","88.77","1","Background","Urban","-6.2672","53.3220","27.0","Dublin                                                                          ","IE001C1                                           ","516255","E1a/validated data AQ e-Reporting","03/07/2025 21:59:06","https://eeadmz1batchservice02.blob.core.windows.net/airquality-p-e1a/IE/SPO.IE.IE0028ASample2_5.parquet","day"
"Ireland","NET.IE001","Ireland Air Quality e-Reporting monitoring network for compliance and informative reporting","IE0098A","Dublin Winetavern Street","SPO.IE.IE0098ASample2_5","PM10","Particulate matter < 10 µm (aerosol)","P1Y","Annual mean / 1 calendar year","2019","15.385","ug/m3","88.49","1","Traffic","Urban","-6.2889","53.3417","9.0","Dublin                                                                          ","IE001C1                                           ","516255","E1a/validated data AQ e-Reporting","03/07/2025 21:59:06","https://eeadmz1batchservice02.blob.core.windows.net/airquality-p-e1a/IE/SPO.IE.IE0098ASample2_5.parquet","day"
"Ireland","NET.IE001","Ireland Air Quality e-Reporting monitoring network for compliance and informative reporting","IE002BP","Cork Bishopstown MTU","SPO.IE.IE002BPSample2_5","PM10","Particulate matter < 10 µm (aerosol)","P1Y","Annual mean / 1 calendar year","2020","14.046","ug/m3","94.54","1","Background","Suburban","-8.5330","51.8841","21.0","Cork                                                                            ","IE002C1                                           ","118713","E1a/validated data AQ e-Reporting","03/07/2025 21:59:06","https://eeadmz1batchservice02.blob.core.windows.net/airquality-p-e1a/IE/SPO.IE.IE002BPSample2_5.parquet","day"
"Ireland","NET.IE001","Ireland Air Quality e-Reporting monitoring network for compliance and informative reporting","IE002AP","Dublin Raheny Saint Anne's Park","SPO.IE.IE002APSample1_5","PM10","Particulate matter < 10 µm (aerosol)","P1Y","Annual mean / 1 calendar year","2020","10.637","ug/m3","100.00","1","Background","Suburban","-6.1726","53.3688","10.0","Dublin                                                                          ","IE001C1                                           ","516255","E1a/validated data AQ e-Reporting","03/07/2025 21:59:06","https://eeadmz1batchservice02.blob.core.windows.net/airquality-p-e1a/IE/SPO.IE.IE002APSample1_5.parquet","day"
"Ireland","NET.IE001","Ireland Air Quality e-Reporting monitoring network for compliance and informative reporting","IE0036A","Dublin Ballyfermot Library","SPO.IE.IE0036ASample2_5","PM10","Particulate matter < 10 µm (aerosol)","P1Y","Annual mean / 1 calendar year","2020","11.795","ug/m3","100.00","1","Background","Suburban","-6.3523","53.3405","43.0","Dublin                                                                          ","IE001C1                                           ","516255","E1a/validated data AQ e-Reporting","03/07/2025 21:59:06","https://eeadmz1batchservice02.blob.core.windows.net/airquality-p-e1a/IE/SPO.IE.IE0036ASample2_5.parquet","day"
"Ireland","NET.IE001","Ireland Air Quality e-Reporting monitoring network for compliance and informative reporting","IE001BP","Cork South Link Road Landfill","SPO.IE.IE001BPSample2_5","PM10","Particulate matter < 10 µm (aerosol)","P1Y","Annual mean / 1 calendar year","2020","14.852","ug/m3","90.16","1","Traffic","Suburban","-8.4750","51.9111","12.0","Cork                                                                            ","IE002C1                                           ","118713","E1a/validated data AQ e-Reporting","03/07/2025 21:59:06","https://eeadmz1batchservice02.blob.core.windows.net/airquality-p-e1a/IE/SPO.IE.IE001BPSample2_5.parquet","day"
"Ireland","NET.IE001","Ireland Air Quality e-Reporting monitoring network for compliance and informative reporting","IE0106A","Dublin Marino Brian Road","SPO.IE.IE0106ASample1_5","PM10","Particulate matter < 10 µm (aerosol)","P1Y","Annual mean / 1 calendar year","2020","13.008","ug/m3","100.00","1","Background","Suburban","-6.2279","53.3682","14.0","Dublin                                                                          ","IE001C1                                           ","516255","E1a/validated data AQ e-Reporting","03/07/2025 21:59:06","https://eeadmz1batchservice02.blob.core.windows.net/airquality-p-e1a/IE/SPO.IE.IE0106ASample1_5.parquet","day"
"Ireland","NET.IE001","Ireland Air Quality e-Reporting monitoring network for compliance and informative reporting","IE005CP","Waterford Waterford City Paddy Brownes Road","SPO.IE.IE005CPSample1_5","PM10","Particulate matter < 10 µm (aerosol)","P1Y","Annual mean / 1 calendar year","2020","14.247","ug/m3","98.63","1","Background","Suburban","-7.1516","52.2471","21.0","Waterford                                                                       ","IE005C1                                           ","46583","E1a/validated data AQ e-Reporting","03/07/2025 21:59:06","https://eeadmz1batchservice02.blob.core.windows.net/airquality-p-e1a/IE/SPO.IE.IE005CPSample1_5.parquet","day"
"Ireland","NET.IE001","Ireland Air Quality e-Reporting monitoring network for compliance and informative reporting","IE004AP","Dublin Ringsend recycling Centre","SPO.IE.IE004APSample2_5","PM10","Particulate matter < 10 µm (aerosol)","P1Y","Annual mean / 1 calendar year","2020","17.339","ug/m3","90.98","1","Traffic","Urban","-6.2141","53.3419","4.0","Dublin                                                                          ","IE001C1                                           ","516255","E1a/validated data AQ e-Reporting","03/07/2025 21:59:06","https://eeadmz1batchservice02.blob.core.windows.net/airquality-p-e1a/IE/SPO.IE.IE004APSample2_5.parquet","day"
"Ireland","NET.IE001","Ireland Air Quality e-Reporting monitoring network for compliance and informative reporting","IE003AP","Dublin Finglas Mellowes Road","SPO.IE.IE003APSample1_5","PM10","Particulate matter < 10 µm (aerosol)","P1Y","Annual mean / 1 calendar year","2020","11.883","ug/m3","100.00","1","Background","Suburban","-6.3053","53.3903","64.0","Dublin                                                                          ","IE001C1                                           ","516255","E1a/validated data AQ e-Reporting","03/07/2025 21:59:06","https://eeadmz1batchservice02.blob.core.windows.net/airquality-p-e1a/IE/SPO.IE.IE003APSample1_5.parquet","day"
"Ireland","NET.IE001","Ireland Air Quality e-Reporting monitoring network for compliance and informative reporting","IE001AP","Dublin Inchicore Davitt Road","SPO.IE.IE001APSample1_5","PM10","Particulate matter < 10 µm (aerosol)","P1Y","Annual mean / 1 calendar year","2020","15.251","ug/m3","100.00","1","Traffic","Suburban","-6.3090","53.3363","10.0","Dublin                                                                          ","IE001C1                                           ","516255","E1a/validated data AQ e-Reporting","03/07/2025 21:59:06","https://eeadmz1batchservice02.blob.core.windows.net/airquality-p-e1a/IE/SPO.IE.IE001APSample1_5.parquet","day"
"Ireland","NET.IE001","Ireland Air Quality e-Reporting monitoring network for compliance and informative reporting","IE004CP","Galway Galway City Rahoon Road","SPO.IE.IE004CPSample1_5","PM10","Particulate matter < 10 µm (aerosol)","P1Y","Annual mean / 1 calendar year","2020","12.566","ug/m3","99.73","1","Background","Suburban","-9.0859","53.2736","20.0","Galway                                                                          ","IE004C1                                           ","73963","E1a/validated data AQ e-Reporting","03/07/2025 21:59:06","https://eeadmz1batchservice02.blob.core.windows.net/airquality-p-e1a/IE/SPO.IE.IE004CPSample1_5.parquet","day"
"Ireland","NET.IE001","Ireland Air Quality e-Reporting monitoring network for compliance and informative reporting","IE0095A","Dublin Phoenix Park Ordnance Survey Road","SPO.IE.IE0095ASample1_5","PM10","Particulate matter < 10 µm (aerosol)","P1Y","Annual mean / 1 calendar year","2020","10.442","ug/m3","81.15","1","Background","Suburban","-6.3490","53.3644","35.0","Dublin                                                                          ","IE001C1                                           ","516255","E1a/validated data AQ e-Reporting","03/07/2025 21:59:06","https://eeadmz1batchservice02.blob.core.windows.net/airquality-p-e1a/IE/SPO.IE.IE0095ASample1_5.parquet","day"
"Ireland","NET.IE001","Ireland Air Quality e-Reporting monitoring network for compliance and informative reporting","IE0110A","Cork Ballinlough Heatherton Park","SPO.IE.IE0110ASample1_5","PM10","Particulate matter < 10 µm (aerosol)","P1Y","Annual mean / 1 calendar year","2020","11.329","ug/m3","98.91","1","Background","Suburban","-8.4571","51.8819","4.0","Cork                                                                            ","IE002C1                                           ","118713","E1a/validated data AQ e-Reporting","03/07/2025 21:59:06","https://eeadmz1batchservice02.blob.core.windows.net/airquality-p-e1a/IE/SPO.IE.IE0110ASample1_5.parquet","day"
"Ireland","NET.IE001","Ireland Air Quality e-Reporting monitoring network for compliance and informative reporting","IE002CM","Louth Dundalk Meadow Grove","SPO.IE.IE002CMSample2_5","PM10","Particulate matter < 10 µm (aerosol)","P1Y","Annual mean / 1 calendar year","2020","12.646","ug/m3","93.72","1","Background","Suburban","-6.3926","54.0031","1.0","","","","E1a/validated data AQ e-Reporting","03/07/2025 21:59:06","https://eeadmz1batchservice02.blob.core.windows.net/airquality-p-e1a/IE/SPO.IE.IE002CMSample2_5.parquet","day"
"Ireland","NET.IE001","Ireland Air Quality e-Reporting monitoring network for compliance and informative reporting","IE0137A","Clare Ennis Drumbiggle Road","SPO.IE.IE0137ASample2_5","PM10","Particulate matter < 10 µm (aerosol)","P1Y","Annual mean / 1 calendar year","2020","19.552","ug/m3","99.45","1","Background","Suburban","-8.9893","52.8432","5.0","","","","E1a/validated data AQ e-Reporting","03/07/2025 21:59:06","https://eeadmz1batchservice02.blob.core.windows.net/airquality-p-e1a/IE/SPO.IE.IE0137ASample2_5.parquet","day"
"Ireland","NET.IE001","Ireland Air Quality e-Reporting monitoring network for compliance and informative reporting","IE0132A","Dublin Dun Laoghaire The Glen","SPO.IE.IE0132ASample2_5","PM10","Particulate matter < 10 µm (aerosol)","P1Y","Annual mean / 1 calendar year","2020","11.965","ug/m3","100.00","1","Background","Suburban","-6.1319","53.2858","29.0","","","","E1a/validated data AQ e-Reporting","03/07/2025 21:59:06","https://eeadmz1batchservice02.blob.core.windows.net/airquality-p-e1a/IE/SPO.IE.IE0132ASample2_5.parquet","day"
"Ireland","NET.IE001","Ireland Air Quality e-Reporting monitoring network for compliance and informative reporting","IE008DP","Cavan Cavan Town Court House","SPO.IE.IE008DPSample1_5","PM10","Particulate matter < 10 µm (aerosol)","P1Y","Annual mean / 1 calendar year","2020","8.947","ug/m3","49.73","1","Background","Suburban","-7.3628","53.9936","56.0","","","","E1a/validated data AQ e-Reporting","03/07/2025 21:59:06","https://eeadmz1batchservice02.blob.core.windows.net/airquality-p-e1a/IE/SPO.IE.IE008DPSample1_5.parquet","day"
"Ireland","NET.IE001","Ireland Air Quality e-Reporting monitoring network for compliance and informative reporting","IE002DP","Roscommon Roscommon Town County Council Offices","SPO.IE.IE002DPSample1_5","PM10","Particulate matter < 10 µm (aerosol)","P1Y","Annual mean / 1 calendar year","2020","10.488","ug/m3","99.73","1","Background","Suburban","-8.1944","53.6294","61.0","","","","E1a/validated data AQ e-Reporting","03/07/2025 21:59:06","https://eeadmz1batchservice02.blob.core.windows.net/airquality-p-e1a/IE/SPO.IE.IE002DPSample1_5.parquet","day"
"Ireland","NET.IE001","Ireland Air Quality e-Reporting monitoring network for compliance and informative reporting","IE004DP","Tipperary Town","SPO.IE.IE004DPSample1_5","PM10","Particulate matter < 10 µm (aerosol)","P1Y","Annual mean / 1 calendar year","2020","12.234","ug/m3","100.00","1","Background","Suburban","-8.1564","52.4792","100.0","","","","E1a/validated data AQ e-Reporting","03/07/2025 21:59:06","https://eeadmz1batchservice02.blob.core.windows.net/airquality-p-e1a/IE/SPO.IE.IE004DPSample1_5.parquet","day"
"Ireland","NET.IE001","Ireland Air Quality e-Reporting monitoring network for compliance and informative reporting","IE001DM","Wexford Enniscorthy Parnell Road","SPO.IE.IE001DMSample2_5","PM10","Particulate matter < 10 µm (aerosol)","P1Y","Annual mean / 1 calendar year","2020","14.851","ug/m3","100.00","1","Background","Suburban","-6.5708","52.4985","30.0","","","","E1a/validated data AQ e-Reporting","03/07/2025 21:59:06","https://eeadmz1batchservice02.blob.core.windows.net/airquality-p-e1a/IE/SPO.IE.IE001DMSample2_5.parquet","day"
"Ireland","NET.IE001","Ireland Air Quality e-Reporting monitoring network for compliance and informative reporting","IE011CP","Westmeath Athlone","SPO.IE.IE011CPSample1_5","PM10","Particulate matter < 10 µm (aerosol)","P1Y","Annual mean / 1 calendar year","2020","15.526","ug/m3","84.43","1","Background","Suburban","-7.9377","53.4248","40.0","","","","E1a/validated data AQ e-Reporting","03/07/2025 21:59:06","https://eeadmz1batchservice02.blob.core.windows.net/airquality-p-e1a/IE/SPO.IE.IE011CPSample1_5.parquet","day"
"Ireland","NET.IE001","Ireland Air Quality e-Reporting monitoring network for compliance and informative reporting","IE003CP","Carlow Carlow Town County Council Offices","SPO.IE.IE003CPSample1_5","PM10","Particulate matter < 10 µm (aerosol)","P1Y","Annual mean / 1 calendar year","2020","10.794","ug/m3","98.63","1","Background","Suburban","-6.9317","52.8397","50.0","","","","E1a/validated data AQ e-Reporting","03/07/2025 21:59:06","https://eeadmz1batchservice02.blob.core.windows.net/airquality-p-e1a/IE/SPO.IE.IE003CPSample1_5.parquet","day"
"Ireland","NET.IE001","Ireland Air Quality e-Reporting monitoring network for compliance and informative reporting","IE005DP","Cork Cobh Carrignafoy","SPO.IE.IE005DPSample1_5","PM10","Particulate matter < 10 µm (aerosol)","P1Y","Annual mean / 1 calendar year","2020","13.032","ug/m3","100.00","1","Background","Suburban","-8.2878","51.8550","79.0","","","","E1a/validated data AQ e-Reporting","03/07/2025 21:59:06","https://eeadmz1batchservice02.blob.core.windows.net/airquality-p-e1a/IE/SPO.IE.IE005DPSample1_5.parquet","day"
"Ireland","NET.IE001","Ireland Air Quality e-Reporting monitoring network for compliance and informative reporting","IE009CP","Kerry Tralee Library","SPO.IE.IE009CPSample1_5","PM10","Particulate matter < 10 µm (aerosol)","P1Y","Annual mean / 1 calendar year","2020","15.836","ug/m3","100.00","1","Background","Suburban","-9.6979","52.2673","8.0","","","","E1a/validated data AQ e-Reporting","03/07/2025 21:59:06","https://eeadmz1batchservice02.blob.core.windows.net/airquality-p-e1a/IE/SPO.IE.IE009CPSample1_5.parquet","day"
"Ireland","NET.IE001","Ireland Air Quality e-Reporting monitoring network for compliance and informative reporting","IE012CP","Wexford Wexford Town Opera House","SPO.IE.IE012CPSample1_5","PM10","Particulate matter < 10 µm (aerosol)","P1Y","Annual mean / 1 calendar year","2020","12.272","ug/m3","51.37","1","Background","Suburban","-6.4616","52.3374","13.0","","","","E1a/validated data AQ e-Reporting","03/07/2025 21:59:06","https://eeadmz1batchservice02.blob.core.windows.net/airquality-p-e1a/IE/SPO.IE.IE012CPSample1_5.parquet","day"
"Ireland","NET.IE001","Ireland Air Quality e-Reporting monitoring network for compliance and informative reporting","IE0131A","Dublin Blanchardstown River Road","SPO.IE.IE0131ASample2_5","PM10","Particulate matter < 10 µm (aerosol)","P1Y","Annual mean / 1 calendar year","2020","15.204","ug/m3","93.99","1","Traffic","Suburban","-6.3699","53.3856","51.0","","","","E1a/validated data AQ e-Reporting","03/07/2025 21:59:06","https://eeadmz1batchservice02.blob.core.windows.net/airquality-p-e1a/IE/SPO.IE.IE0131ASample2_5.parquet","day"
"Ireland","NET.IE001","Ireland Air Quality e-Reporting monitoring network for compliance and informative reporting","IE006CP","Donegal Letterkenny Library","SPO.IE.IE006CPSample2_5","PM10","Particulate matter < 10 µm (aerosol)","P1Y","Annual mean / 1 calendar year","2020","14.743","ug/m3","98.91","1","Background","Suburban","-7.7352","54.9545","48.0","","","","E1a/validated data AQ e-Reporting","03/07/2025 21:59:06","https://eeadmz1batchservice02.blob.core.windows.net/airquality-p-e1a/IE/SPO.IE.IE006CPSample2_5.parquet","day"
"Ireland","NET.IE001","Ireland Air Quality e-Reporting monitoring network for compliance and informative reporting","IE010CP","Tipperary Clonmel","SPO.IE.IE010CPSample1_5","PM10","Particulate matter < 10 µm (aerosol)","P1Y","Annual mean / 1 calendar year","2020","11.520","ug/m3","93.44","1","Background","Suburban","-7.6994","52.3547","22.0","","","","E1a/validated data AQ e-Reporting","03/07/2025 21:59:06","https://eeadmz1batchservice02.blob.core.windows.net/airquality-p-e1a/IE/SPO.IE.IE010CPSample1_5.parquet","day"
"Ireland","NET.IE001","Ireland Air Quality e-Reporting monitoring network for compliance and informative reporting","IE0147A","Kilkenny Seville Lodge","SPO.IE.IE0147ASample2_5","PM10","Particulate matter < 10 µm (aerosol)","P1Y","Annual mean / 1 calendar year","2020","18.461","ug/m3","97.81","1","Background","Suburban","-7.2681","52.6388","68.0","","","","E1a/validated data AQ e-Reporting","03/07/2025 21:59:06","https://eeadmz1batchservice02.blob.core.windows.net/airquality-p-e1a/IE/SPO.IE.IE0147ASample2_5.parquet","day"
"Ireland","NET.IE001","Ireland Air Quality e-Reporting monitoring network for compliance and informative reporting","IE0145A","Mayo Claremorris","SPO.IE.IE0145ASample1_5","PM10","Particulate matter < 10 µm (aerosol)","P1Y","Annual mean / 1 calendar year","2020","9.950","ug/m3","84.70","1","Background","Rural","-9.0127","53.7039","44.0","","","","E1a/validated data AQ e-Reporting","03/07/2025 21:59:06","https://eeadmz1batchservice02.blob.core.windows.net/airquality-p-e1a/IE/SPO.IE.IE0145ASample1_5.parquet","day"
"Ireland","NET.IE001","Ireland Air Quality e-Reporting monitoring network for compliance and informative reporting","IE001CM","Laois Portlaoise Dublin Road","SPO.IE.IE001CMSample2_5","PM10","Particulate matter < 10 µm (aerosol)","P1Y","Annual mean / 1 calendar year","2020","12.044","ug/m3","93.72","1","Background","Suburban","-7.2887","53.0361","107.0","","","","E1a/validated data AQ e-Reporting","03/07/2025 21:59:06","https://eeadmz1batchservice02.blob.core.windows.net/airquality-p-e1a/IE/SPO.IE.IE001CMSample2_5.parquet","day"
"Ireland","NET.IE001","Ireland Air Quality e-Reporting monitoring network for compliance and informative reporting","IE0090A","Monaghan Kilkitt Waterworks","SPO.IE.IE0090ASample2_5","PM10","Particulate matter < 10 µm (aerosol)","P1Y","Annual mean / 1 calendar year","2020","7.763","ug/m3","93.44","1","Background","Rural","-6.8831","54.0661","170.0","","","","E1a/validated data AQ e-Reporting","03/07/2025 21:59:06","https://eeadmz1batchservice02.blob.core.windows.net/airquality-p-e1a/IE/SPO.IE.IE0090ASample2_5.parquet","day"
"Ireland","NET.IE001","Ireland Air Quality e-Reporting monitoring network for compliance and informative reporting","IE0136A","Dublin Tallaght Old Bawn Road","SPO.IE.IE0136ASample2_5","PM10","Particulate matter < 10 µm (aerosol)","P1Y","Annual mean / 1 calendar year","2020","10.345","ug/m3","94.81","1","Background","Suburban","-6.3588","53.2805","102.0","","","","E1a/validated data AQ e-Reporting","03/07/2025 21:59:06","https://eeadmz1batchservice02.blob.core.windows.net/airquality-p-e1a/IE/SPO.IE.IE0136ASample2_5.parquet","day"
"Ireland","NET.IE001","Ireland Air Quality e-Reporting monitoring network for compliance and informative reporting","IE0098A","Dublin Winetavern Street","SPO.IE.IE0098ASample2_5","PM10","Particulate matter < 10 µm (aerosol)","P1Y","Annual mean / 1 calendar year","2020","12.975","ug/m3","89.89","1","Traffic","Urban","-6.2889","53.3417","9.0","Dublin                                                                          ","IE001C1                                           ","516255","E1a/validated data AQ e-Reporting","03/07/2025 21:59:06","https://eeadmz1batchservice02.blob.core.windows.net/airquality-p-e1a/IE/SPO.IE.IE0098ASample2_5.parquet","day"
"Ireland","NET.IE001","Ireland Air Quality e-Reporting monitoring network for compliance and informative reporting","IE008CP","Meath Navan","SPO.IE.IE008CPSample2_5","PM10","Particulate matter < 10 µm (aerosol)","P1Y","Annual mean / 1 calendar year","2020","13.758","ug/m3","89.89","1","Traffic","Suburban","-6.6893","53.6556","50.0","","","","E1a/validated data AQ e-Reporting","03/07/2025 21:59:06","https://eeadmz1batchservice02.blob.core.windows.net/airquality-p-e1a/IE/SPO.IE.IE008CPSample2_5.parquet","day"
"Ireland","NET.IE001","Ireland Air Quality e-Reporting monitoring network for compliance and informative reporting","IE009DP","Offaly Birr","SPO.IE.IE009DPSample2_5","PM10","Particulate matter < 10 µm (aerosol)","P1Y","Annual mean / 1 calendar year","2020","9.834","ug/m3","38.25","1","Traffic","Suburban","-7.9085","53.0945","52.0","","","","E1a/validated data AQ e-Reporting","03/07/2025 21:59:06","https://eeadmz1batchservice02.blob.core.windows.net/airquality-p-e1a/IE/SPO.IE.IE009DPSample2_5.parquet","day"
"Ireland","NET.IE001","Ireland Air Quality e-Reporting monitoring network for compliance and informative reporting","IE005AP","Dublin Kilmainham St. John's Road West","SPO.IE.IE005APSample1_5","PM10","Particulate matter < 10 µm (aerosol)","P1Y","Annual mean / 1 calendar year","2020","13.122","ug/m3","100.00","1","Traffic","Urban","-6.2948","53.3458","7.0","Dublin                                                                          ","IE001C1                                           ","516255","E1a/validated data AQ e-Reporting","03/07/2025 21:59:06","https://eeadmz1batchservice02.blob.core.windows.net/airquality-p-e1a/IE/SPO.IE.IE005APSample1_5.parquet","day"
"Ireland","NET.IE001","Ireland Air Quality e-Reporting monitoring network for compliance and informative reporting","IE0118A","Mayo Castlebar John Moore Road","SPO.IE.IE0118ASample2_5","PM10","Particulate matter < 10 µm (aerosol)","P1Y","Annual mean / 1 calendar year","2020","14.390","ug/m3","96.17","1","Background","Suburban","-9.2997","53.8511","41.0","","","","E1a/validated data AQ e-Reporting","03/07/2025 21:59:06","https://eeadmz1batchservice02.blob.core.windows.net/airquality-p-e1a/IE/SPO.IE.IE0118ASample2_5.parquet","day"
"Ireland","NET.IE001","Ireland Air Quality e-Reporting monitoring network for compliance and informative reporting","IE007DP","Cork Macroom Council Yard","SPO.IE.IE007DPSample1_5","PM10","Particulate matter < 10 µm (aerosol)","P1Y","Annual mean / 1 calendar year","2020","15.397","ug/m3","100.00","1","Background","Suburban","-8.9529","51.9047","76.0","","","","E1a/validated data AQ e-Reporting","03/07/2025 21:59:06","https://eeadmz1batchservice02.blob.core.windows.net/airquality-p-e1a/IE/SPO.IE.IE007DPSample1_5.parquet","day"
"Ireland","NET.IE001","Ireland Air Quality e-Reporting monitoring network for compliance and informative reporting","IE0028A","Dublin Rathmines Wynnefield Road","SPO.IE.IE0028ASample2_5","PM10","Particulate matter < 10 µm (aerosol)","P1Y","Annual mean / 1 calendar year","2020","11.007","ug/m3","96.99","1","Background","Urban","-6.2672","53.3220","27.0","Dublin                                                                          ","IE001C1                                           ","516255","E1a/validated data AQ e-Reporting","03/07/2025 21:59:06","https://eeadmz1batchservice02.blob.core.windows.net/airquality-p-e1a/IE/SPO.IE.IE0028ASample2_5.parquet","day"
"Ireland","NET.IE001","Ireland Air Quality e-Reporting monitoring network for compliance and informative reporting","IE007CP","Limerick Peoples Park","SPO.IE.IE007CPSample1_5","PM10","Particulate matter < 10 µm (aerosol)","P1Y","Annual mean / 1 calendar year","2020","12.728","ug/m3","93.99","1","Background","Urban","-8.6287","52.6586","16.0","Limerick                                                                        ","IE003C1                                           ","56980","E1a/validated data AQ e-Reporting","03/07/2025 21:59:06","https://eeadmz1batchservice02.blob.core.windows.net/airquality-p-e1a/IE/SPO.IE.IE007CPSample1_5.parquet","day"
"Ireland","NET.IE001","Ireland Air Quality e-Reporting monitoring network for compliance and informative reporting","IE006AP","Dublin Pearse St.","SPO.IE.IE006APSample2_5","PM10","Particulate matter < 10 µm (aerosol)","P1Y","Annual mean / 1 calendar year","2020","","ug/m3","0.00","3","Traffic","Urban","-6.2543","53.3450","11.0","Dublin                                                                          ","IE001C1                                           ","516255","E1a/validated data AQ e-Reporting","03/07/2025 21:59:06","https://eeadmz1batchservice02.blob.core.windows.net/airquality-p-e1a/IE/SPO.IE.IE006APSample2_5.parquet","day"
"Ireland","NET.IE001","Ireland Air Quality e-Reporting monitoring network for compliance and informative reporting","IE002BP","Cork Bishopstown MTU","SPO.IE.IE002BPSample2_5","PM10","Particulate matter < 10 µm (aerosol)","P1Y","Annual mean / 1 calendar year","2021","13.327","ug/m3","99.73","1","Background","Suburban","-8.5330","51.8841","21.0","Cork                                                                            ","IE002C1                                           ","118713","E1a/validated data AQ e-Reporting","03/07/2025 21:59:06","https://eeadmz1batchservice02.blob.core.windows.net/airquality-p-e1a/IE/SPO.IE.IE002BPSample2_5.parquet","day"
"Ireland","NET.IE001","Ireland Air Quality e-Reporting monitoring network for compliance and informative reporting","IE0095A","Dublin Phoenix Park Ordnance Survey Road","SPO.IE.IE0095ASample1_5","PM10","Particulate matter < 10 µm (aerosol)","P1Y","Annual mean / 1 calendar year","2021","11.947","ug/m3","92.33","1","Background","Suburban","-6.3490","53.3644","35.0","Dublin                                                                          ","IE001C1                                           ","516255","E1a/validated data AQ e-Reporting","03/07/2025 21:59:06","https://eeadmz1batchservice02.blob.core.windows.net/airquality-p-e1a/IE/SPO.IE.IE0095ASample1_5.parquet","day"
"Ireland","NET.IE001","Ireland Air Quality e-Reporting monitoring network for compliance and informative reporting","IE0110A","Cork Ballinlough Heatherton Park","SPO.IE.IE0110ASample1_5","PM10","Particulate matter < 10 µm (aerosol)","P1Y","Annual mean / 1 calendar year","2021","11.401","ug/m3","99.73","1","Background","Suburban","-8.4571","51.8819","4.0","Cork                                                                            ","IE002C1                                           ","118713","E1a/validated data AQ e-Reporting","03/07/2025 21:59:06","https://eeadmz1batchservice02.blob.core.windows.net/airquality-p-e1a/IE/SPO.IE.IE0110ASample1_5.parquet","day"
"Ireland","NET.IE001","Ireland Air Quality e-Reporting monitoring network for compliance and informative reporting","IE005CP","Waterford Waterford City Paddy Brownes Road","SPO.IE.IE005CPSample1_5","PM10","Particulate matter < 10 µm (aerosol)","P1Y","Annual mean / 1 calendar year","2021","13.732","ug/m3","91.51","1","Background","Suburban","-7.1516","52.2471","21.0","Waterford                                                                       ","IE005C1                                           ","46583","E1a/validated data AQ e-Reporting","03/07/2025 21:59:06","https://eeadmz1batchservice02.blob.core.windows.net/airquality-p-e1a/IE/SPO.IE.IE005CPSample1_5.parquet","day"
"Ireland","NET.IE001","Ireland Air Quality e-Reporting monitoring network for compliance and informative reporting","IE003AP","Dublin Finglas Mellowes Road","SPO.IE.IE003APSample1_5","PM10","Particulate matter < 10 µm (aerosol)","P1Y","Annual mean / 1 calendar year","2021","11.832","ug/m3","99.45","1","Background","Suburban","-6.3053","53.3903","64.0","Dublin                                                                          ","IE001C1                                           ","516255","E1a/validated data AQ e-Reporting","03/07/2025 21:59:06","https://eeadmz1batchservice02.blob.core.windows.net/airquality-p-e1a/IE/SPO.IE.IE003APSample1_5.parquet","day"
"Ireland","NET.IE001","Ireland Air Quality e-Reporting monitoring network for compliance and informative reporting","IE001BP","Cork South Link Road Landfill","SPO.IE.IE001BPSample2_5","PM10","Particulate matter < 10 µm (aerosol)","P1Y","Annual mean / 1 calendar year","2021","17.970","ug/m3","72.88","1","Traffic","Suburban","-8.4750","51.9111","12.0","Cork                                                                            ","IE002C1                                           ","118713","E1a/validated data AQ e-Reporting","03/07/2025 21:59:06","https://eeadmz1batchservice02.blob.core.windows.net/airquality-p-e1a/IE/SPO.IE.IE001BPSample2_5.parquet","day"
"Ireland","NET.IE001","Ireland Air Quality e-Reporting monitoring network for compliance and informative reporting","IE004CP","Galway Galway City Rahoon Road","SPO.IE.IE004CPSample1_5","PM10","Particulate matter < 10 µm (aerosol)","P1Y","Annual mean / 1 calendar year","2021","11.403","ug/m3","99.18","1","Background","Suburban","-9.0859","53.2736","20.0","Galway                                                                          ","IE004C1                                           ","73963","E1a/validated data AQ e-Reporting","03/07/2025 21:59:06","https://eeadmz1batchservice02.blob.core.windows.net/airquality-p-e1a/IE/SPO.IE.IE004CPSample1_5.parquet","day"
"Ireland","NET.IE001","Ireland Air Quality e-Reporting monitoring network for compliance and informative reporting","IE0098A","Dublin Winetavern Street","SPO.IE.IE0098ASample2_5","PM10","Particulate matter < 10 µm (aerosol)","P1Y","Annual mean / 1 calendar year","2021","12.403","ug/m3","99.18","1","Traffic","Urban","-6.2889","53.3417","9.0","Dublin                                                                          ","IE001C1                                           ","516255","E1a/validated data AQ e-Reporting","03/07/2025 21:59:06","https://eeadmz1batchservice02.blob.core.windows.net/airquality-p-e1a/IE/SPO.IE.IE0098ASample2_5.parquet","day"
"Ireland","NET.IE001","Ireland Air Quality e-Reporting monitoring network for compliance and informative reporting","IE004AP","Dublin Ringsend recycling Centre","SPO.IE.IE004APSample2_5","PM10","Particulate matter < 10 µm (aerosol)","P1Y","Annual mean / 1 calendar year","2021","15.722","ug/m3","99.45","1","Traffic","Urban","-6.2141","53.3419","4.0","Dublin                                                                          ","IE001C1                                           ","516255","E1a/validated data AQ e-Reporting","03/07/2025 21:59:06","https://eeadmz1batchservice02.blob.core.windows.net/airquality-p-e1a/IE/SPO.IE.IE004APSample2_5.parquet","day"
"Ireland","NET.IE001","Ireland Air Quality e-Reporting monitoring network for compliance and informative reporting","IE001AP","Dublin Inchicore Davitt Road","SPO.IE.IE001APSample1_5","PM10","Particulate matter < 10 µm (aerosol)","P1Y","Annual mean / 1 calendar year","2021","14.020","ug/m3","100.00","1","Traffic","Suburban","-6.3090","53.3363","10.0","Dublin                                                                          ","IE001C1                                           ","516255","E1a/validated data AQ e-Reporting","03/07/2025 21:59:06","https://eeadmz1batchservice02.blob.core.windows.net/airquality-p-e1a/IE/SPO.IE.IE001APSample1_5.parquet","day"
"Ireland","NET.IE001","Ireland Air Quality e-Reporting monitoring network for compliance and informative reporting","IE002AP","Dublin Raheny Saint Anne's Park","SPO.IE.IE002APSample1_5","PM10","Particulate matter < 10 µm (aerosol)","P1Y","Annual mean / 1 calendar year","2021","10.806","ug/m3","100.00","1","Background","Suburban","-6.1726","53.3688","10.0","Dublin                                                                          ","IE001C1                                           ","516255","E1a/validated data AQ e-Reporting","03/07/2025 21:59:06","https://eeadmz1batchservice02.blob.core.windows.net/airquality-p-e1a/IE/SPO.IE.IE002APSample1_5.parquet","day"
"Ireland","NET.IE001","Ireland Air Quality e-Reporting monitoring network for compliance and informative reporting","IE0106A","Dublin Marino Brian Road","SPO.IE.IE0106ASample1_5","PM10","Particulate matter < 10 µm (aerosol)","P1Y","Annual mean / 1 calendar year","2021","12.238","ug/m3","98.90","1","Background","Suburban","-6.2279","53.3682","14.0","Dublin                                                                          ","IE001C1                                           ","516255","E1a/validated data AQ e-Reporting","03/07/2025 21:59:06","https://eeadmz1batchservice02.blob.core.windows.net/airquality-p-e1a/IE/SPO.IE.IE0106ASample1_5.parquet","day"
"Ireland","NET.IE001","Ireland Air Quality e-Reporting monitoring network for compliance and informative reporting","IE0036A","Dublin Ballyfermot Library","SPO.IE.IE0036ASample2_5","PM10","Particulate matter < 10 µm (aerosol)","P1Y","Annual mean / 1 calendar year","2021","11.798","ug/m3","100.00","1","Background","Suburban","-6.3523","53.3405","43.0","Dublin                                                                          ","IE001C1                                           ","516255","E1a/validated data AQ e-Reporting","03/07/2025 21:59:06","https://eeadmz1batchservice02.blob.core.windows.net/airquality-p-e1a/IE/SPO.IE.IE0036ASample2_5.parquet","day"
"Ireland","NET.IE001","Ireland Air Quality e-Reporting monitoring network for compliance and informative reporting","IE0118A","Mayo Castlebar John Moore Road","SPO.IE.IE0118ASample2_5","PM10","Particulate matter < 10 µm (aerosol)","P1Y","Annual mean / 1 calendar year","2021","14.153","ug/m3","96.16","1","Background","Suburban","-9.2997","53.8511","41.0","","","","E1a/validated data AQ e-Reporting","03/07/2025 21:59:06","https://eeadmz1batchservice02.blob.core.windows.net/airquality-p-e1a/IE/SPO.IE.IE0118ASample2_5.parquet","day"
"Ireland","NET.IE001","Ireland Air Quality e-Reporting monitoring network for compliance and informative reporting","IE006CP","Donegal Letterkenny Library","SPO.IE.IE006CPSample2_5","PM10","Particulate matter < 10 µm (aerosol)","P1Y","Annual mean / 1 calendar year","2021","14.679","ug/m3","100.00","1","Background","Suburban","-7.7352","54.9545","48.0","","","","E1a/validated data AQ e-Reporting","03/07/2025 21:59:06","https://eeadmz1batchservice02.blob.core.windows.net/airquality-p-e1a/IE/SPO.IE.IE006CPSample2_5.parquet","day"
"Ireland","NET.IE001","Ireland Air Quality e-Reporting monitoring network for compliance and informative reporting","IE0090A","Monaghan Kilkitt Waterworks","SPO.IE.IE0090ASample2_5","PM10","Particulate matter < 10 µm (aerosol)","P1Y","Annual mean / 1 calendar year","2021","7.817","ug/m3","98.08","1","Background","Rural","-6.8831","54.0661","170.0","","","","E1a/validated data AQ e-Reporting","03/07/2025 21:59:06","https://eeadmz1batchservice02.blob.core.windows.net/airquality-p-e1a/IE/SPO.IE.IE0090ASample2_5.parquet","day"
"Ireland","NET.IE001","Ireland Air Quality e-Reporting monitoring network for compliance and informative reporting","IE002DP","Roscommon Roscommon Town County Council Offices","SPO.IE.IE002DPSample1_5","PM10","Particulate matter < 10 µm (aerosol)","P1Y","Annual mean / 1 calendar year","2021","10.318","ug/m3","97.81","1","Background","Suburban","-8.1944","53.6294","61.0","","","","E1a/validated data AQ e-Reporting","03/07/2025 21:59:06","https://eeadmz1batchservice02.blob.core.windows.net/airquality-p-e1a/IE/SPO.IE.IE002DPSample1_5.parquet","day"
"Ireland","NET.IE001","Ireland Air Quality e-Reporting monitoring network for compliance and informative reporting","IE002CM","Louth Dundalk Meadow Grove","SPO.IE.IE002CMSample2_5","PM10","Particulate matter < 10 µm (aerosol)","P1Y","Annual mean / 1 calendar year","2021","11.731","ug/m3","98.08","1","Background","Suburban","-6.3926","54.0031","1.0","","","","E1a/validated data AQ e-Reporting","03/07/2025 21:59:06","https://eeadmz1batchservice02.blob.core.windows.net/airquality-p-e1a/IE/SPO.IE.IE002CMSample2_5.parquet","day"
"Ireland","NET.IE001","Ireland Air Quality e-Reporting monitoring network for compliance and informative reporting","IE012CP","Wexford Wexford Town Opera House","SPO.IE.IE012CPSample1_5","PM10","Particulate matter < 10 µm (aerosol)","P1Y","Annual mean / 1 calendar year","2021","13.489","ug/m3","100.00","1","Background","Suburban","-6.4616","52.3374","13.0","","","","E1a/validated data AQ e-Reporting","03/07/2025 21:59:06","https://eeadmz1batchservice02.blob.core.windows.net/airquality-p-e1a/IE/SPO.IE.IE012CPSample1_5.parquet","day"
"Ireland","NET.IE001","Ireland Air Quality e-Reporting monitoring network for compliance and informative reporting","IE001CM","Laois Portlaoise Dublin Road","SPO.IE.IE001CMSample2_5","PM10","Particulate matter < 10 µm (aerosol)","P1Y","Annual mean / 1 calendar year","2021","11.424","ug/m3","99.18","1","Background","Suburban","-7.2887","53.0361","107.0","","","","E1a/validated data AQ e-Reporting","03/07/2025 21:59:06","https://eeadmz1batchservice02.blob.core.windows.net/airquality-p-e1a/IE/SPO.IE.IE001CMSample2_5.parquet","day"
"Ireland","NET.IE001","Ireland Air Quality e-Reporting monitoring network for compliance and informative reporting","IE0147A","Kilkenny Seville Lodge","SPO.IE.IE0147ASample2_5","PM10","Particulate matter < 10 µm (aerosol)","P1Y","Annual mean / 1 calendar year","2021","16.788","ug/m3","93.97","1","Background","Suburban","-7.2681","52.6388","68.0","","","","E1a/validated data AQ e-Reporting","03/07/2025 21:59:06","https://eeadmz1batchservice02.blob.core.windows.net/airquality-p-e1a/IE/SPO.IE.IE0147ASample2_5.parquet","day"
"Ireland","NET.IE001","Ireland Air Quality e-Reporting monitoring network for compliance and informative reporting","IE0137A","Clare Ennis Drumbiggle Road","SPO.IE.IE0137ASample2_5","PM10","Particulate matter < 10 µm (aerosol)","P1Y","Annual mean / 1 calendar year","2021","19.002","ug/m3","99.45","1","Background","Suburban","-8.9893","52.8432","5.0","","","","E1a/validated data AQ e-Reporting","03/07/2025 21:59:06","https://eeadmz1batchservice02.blob.core.windows.net/airquality-p-e1a/IE/SPO.IE.IE0137ASample2_5.parquet","day"
"Ireland","NET.IE001","Ireland Air Quality e-Reporting monitoring network for compliance and informative reporting","IE008DP","Cavan Cavan Town Court House","SPO.IE.IE008DPSample1_5","PM10","Particulate matter < 10 µm (aerosol)","P1Y","Annual mean / 1 calendar year","2021","10.618","ug/m3","100.00","1","Background","Suburban","-7.3628","53.9936","56.0","","","","E1a/validated data AQ e-Reporting","03/07/2025 21:59:06","https://eeadmz1batchservice02.blob.core.windows.net/airquality-p-e1a/IE/SPO.IE.IE008DPSample1_5.parquet","day"
"Ireland","NET.IE001","Ireland Air Quality e-Reporting monitoring network for compliance and informative reporting","IE009DP","Offaly Birr","SPO.IE.IE009DPSample2_5","PM10","Particulate matter < 10 µm (aerosol)","P1Y","Annual mean / 1 calendar year","2021","12.206","ug/m3","92.88","1","Traffic","Suburban","-7.9085","53.0945","52.0","","","","E1a/validated data AQ e-Reporting","03/07/2025 21:59:06","https://eeadmz1batchservice02.blob.core.windows.net/airquality-p-e1a/IE/SPO.IE.IE009DPSample2_5.parquet","day"
"Ireland","NET.IE001","Ireland Air Quality e-Reporting monitoring network for compliance and informative reporting","IE001DM","Wexford Enniscorthy Parnell Road","SPO.IE.IE001DMSample2_5","PM10","Particulate matter < 10 µm (aerosol)","P1Y","Annual mean / 1 calendar year","2021","13.652","ug/m3","100.00","1","Background","Suburban","-6.5708","52.4985","30.0","","","","E1a/validated data AQ e-Reporting","03/07/2025 21:59:06","https://eeadmz1batchservice02.blob.core.windows.net/airquality-p-e1a/IE/SPO.IE.IE001DMSample2_5.parquet","day"
"Ireland","NET.IE001","Ireland Air Quality e-Reporting monitoring network for compliance and informative reporting","IE009CP","Kerry Tralee Library","SPO.IE.IE009CPSample1_5","PM10","Particulate matter < 10 µm (aerosol)","P1Y","Annual mean / 1 calendar year","2021","17.076","ug/m3","100.00","1","Background","Suburban","-9.6979","52.2673","8.0","","","","E1a/validated data AQ e-Reporting","03/07/2025 21:59:06","https://eeadmz1batchservice02.blob.core.windows.net/airquality-p-e1a/IE/SPO.IE.IE009CPSample1_5.parquet","day"
"Ireland","NET.IE001","Ireland Air Quality e-Reporting monitoring network for compliance and informative reporting","IE0131A","Dublin Blanchardstown River Road","SPO.IE.IE0131ASample2_5","PM10","Particulate matter < 10 µm (aerosol)","P1Y","Annual mean / 1 calendar year","2021","14.155","ug/m3","98.63","1","Traffic","Suburban","-6.3699","53.3856","51.0","","","","E1a/validated data AQ e-Reporting","03/07/2025 21:59:06","https://eeadmz1batchservice02.blob.core.windows.net/airquality-p-e1a/IE/SPO.IE.IE0131ASample2_5.parquet","day"
"Ireland","NET.IE001","Ireland Air Quality e-Reporting monitoring network for compliance and informative reporting","IE003CP","Carlow Carlow Town County Council Offices","SPO.IE.IE003CPSample1_5","PM10","Particulate matter < 10 µm (aerosol)","P1Y","Annual mean / 1 calendar year","2021","10.396","ug/m3","100.00","1","Background","Suburban","-6.9317","52.8397","50.0","","","","E1a/validated data AQ e-Reporting","03/07/2025 21:59:06","https://eeadmz1batchservice02.blob.core.windows.net/airquality-p-e1a/IE/SPO.IE.IE003CPSample1_5.parquet","day"
"Ireland","NET.IE001","Ireland Air Quality e-Reporting monitoring network for compliance and informative reporting","IE0136A","Dublin Tallaght Old Bawn Road","SPO.IE.IE0136ASample2_5","PM10","Particulate matter < 10 µm (aerosol)","P1Y","Annual mean / 1 calendar year","2021","9.839","ug/m3","98.63","1","Background","Suburban","-6.3588","53.2805","102.0","","","","E1a/validated data AQ e-Reporting","03/07/2025 21:59:06","https://eeadmz1batchservice02.blob.core.windows.net/airquality-p-e1a/IE/SPO.IE.IE0136ASample2_5.parquet","day"
"Ireland","NET.IE001","Ireland Air Quality e-Reporting monitoring network for compliance and informative reporting","IE011CP","Westmeath Athlone","SPO.IE.IE011CPSample1_5","PM10","Particulate matter < 10 µm (aerosol)","P1Y","Annual mean / 1 calendar year","2021","12.061","ug/m3","98.08","1","Background","Suburban","-7.9377","53.4248","40.0","","","","E1a/validated data AQ e-Reporting","03/07/2025 21:59:06","https://eeadmz1batchservice02.blob.core.windows.net/airquality-p-e1a/IE/SPO.IE.IE011CPSample1_5.parquet","day"
"Ireland","NET.IE001","Ireland Air Quality e-Reporting monitoring network for compliance and informative reporting","IE005DP","Cork Cobh Carrignafoy","SPO.IE.IE005DPSample1_5","PM10","Particulate matter < 10 µm (aerosol)","P1Y","Annual mean / 1 calendar year","2021","12.004","ug/m3","100.00","1","Background","Suburban","-8.2878","51.8550","79.0","","","","E1a/validated data AQ e-Reporting","03/07/2025 21:59:06","https://eeadmz1batchservice02.blob.core.windows.net/airquality-p-e1a/IE/SPO.IE.IE005DPSample1_5.parquet","day"
"Ireland","NET.IE001","Ireland Air Quality e-Reporting monitoring network for compliance and informative reporting","IE0145A","Mayo Claremorris","SPO.IE.IE0145ASample1_5","PM10","Particulate matter < 10 µm (aerosol)","P1Y","Annual mean / 1 calendar year","2021","9.435","ug/m3","84.93","1","Background","Rural","-9.0127","53.7039","44.0","","","","E1a/validated data AQ e-Reporting","03/07/2025 21:59:06","https://eeadmz1batchservice02.blob.core.windows.net/airquality-p-e1a/IE/SPO.IE.IE0145ASample1_5.parquet","day"
"Ireland","NET.IE001","Ireland Air Quality e-Reporting monitoring network for compliance and informative reporting","IE0132A","Dublin Dun Laoghaire The Glen","SPO.IE.IE0132ASample2_5","PM10","Particulate matter < 10 µm (aerosol)","P1Y","Annual mean / 1 calendar year","2021","11.382","ug/m3","97.26","1","Background","Suburban","-6.1319","53.2858","29.0","","","","E1a/validated data AQ e-Reporting","03/07/2025 21:59:06","https://eeadmz1batchservice02.blob.core.windows.net/airquality-p-e1a/IE/SPO.IE.IE0132ASample2_5.parquet","day"
"Ireland","NET.IE001","Ireland Air Quality e-Reporting monitoring network for compliance and informative reporting","IE008CP","Meath Navan","SPO.IE.IE008CPSample2_5","PM10","Particulate matter < 10 µm (aerosol)","P1Y","Annual mean / 1 calendar year","2021","13.476","ug/m3","100.00","1","Traffic","Suburban","-6.6893","53.6556","50.0","","","","E1a/validated data AQ e-Reporting","03/07/2025 21:59:06","https://eeadmz1batchservice02.blob.core.windows.net/airquality-p-e1a/IE/SPO.IE.IE008CPSample2_5.parquet","day"
"Ireland","NET.IE001","Ireland Air Quality e-Reporting monitoring network for compliance and informative reporting","IE010CP","Tipperary Clonmel","SPO.IE.IE010CPSample1_5","PM10","Particulate matter < 10 µm (aerosol)","P1Y","Annual mean / 1 calendar year","2021","10.627","ug/m3","99.18","1","Background","Suburban","-7.6994","52.3547","22.0","","","","E1a/validated data AQ e-Reporting","03/07/2025 21:59:06","https://eeadmz1batchservice02.blob.core.windows.net/airquality-p-e1a/IE/SPO.IE.IE010CPSample1_5.parquet","day"
"Ireland","NET.IE001","Ireland Air Quality e-Reporting monitoring network for compliance and informative reporting","IE007DP","Cork Macroom Council Yard","SPO.IE.IE007DPSample1_5","PM10","Particulate matter < 10 µm (aerosol)","P1Y","Annual mean / 1 calendar year","2021","14.578","ug/m3","100.00","1","Background","Suburban","-8.9529","51.9047","76.0","","","","E1a/validated data AQ e-Reporting","03/07/2025 21:59:06","https://eeadmz1batchservice02.blob.core.windows.net/airquality-p-e1a/IE/SPO.IE.IE007DPSample1_5.parquet","day"
"Ireland","NET.IE001","Ireland Air Quality e-Reporting monitoring network for compliance and informative reporting","IE004DP","Tipperary Town","SPO.IE.IE004DPSample1_5","PM10","Particulate matter < 10 µm (aerosol)","P1Y","Annual mean / 1 calendar year","2021","12.651","ug/m3","99.45","1","Background","Suburban","-8.1564","52.4792","100.0","","","","E1a/validated data AQ e-Reporting","03/07/2025 21:59:06","https://eeadmz1batchservice02.blob.core.windows.net/airquality-p-e1a/IE/SPO.IE.IE004DPSample1_5.parquet","day"
"Ireland","NET.IE001","Ireland Air Quality e-Reporting monitoring network for compliance and informative reporting","IE007CP","Limerick Peoples Park","SPO.IE.IE007CPSample1_5","PM10","Particulate matter < 10 µm (aerosol)","P1Y","Annual mean / 1 calendar year","2021","12.569","ug/m3","99.45","1","Background","Urban","-8.6287","52.6586","16.0","Limerick                                                                        ","IE003C1                                           ","56980","E1a/validated data AQ e-Reporting","03/07/2025 21:59:06","https://eeadmz1batchservice02.blob.core.windows.net/airquality-p-e1a/IE/SPO.IE.IE007CPSample1_5.parquet","day"
"Ireland","NET.IE001","Ireland Air Quality e-Reporting monitoring network for compliance and informative reporting","IE005AP","Dublin Kilmainham St. John's Road West","SPO.IE.IE005APSample1_5","PM10","Particulate matter < 10 µm (aerosol)","P1Y","Annual mean / 1 calendar year","2021","13.002","ug/m3","96.71","1","Traffic","Urban","-6.2948","53.3458","7.0","Dublin                                                                          ","IE001C1                                           ","516255","E1a/validated data AQ e-Reporting","03/07/2025 21:59:06","https://eeadmz1batchservice02.blob.core.windows.net/airquality-p-e1a/IE/SPO.IE.IE005APSample1_5.parquet","day"
"Ireland","NET.IE001","Ireland Air Quality e-Reporting monitoring network for compliance and informative reporting","IE0028A","Dublin Rathmines Wynnefield Road","SPO.IE.IE0028ASample2_5","PM10","Particulate matter < 10 µm (aerosol)","P1Y","Annual mean / 1 calendar year","2021","12.378","ug/m3","98.90","1","Background","Urban","-6.2672","53.3220","27.0","Dublin                                                                          ","IE001C1                                           ","516255","E1a/validated data AQ e-Reporting","03/07/2025 21:59:06","https://eeadmz1batchservice02.blob.core.windows.net/airquality-p-e1a/IE/SPO.IE.IE0028ASample2_5.parquet","day"
"Ireland","NET.IE001","Ireland Air Quality e-Reporting monitoring network for compliance and informative reporting","IE003AP","Dublin Finglas Mellowes Road","SPO.IE.IE003APSample1_5","PM10","Particulate matter < 10 µm (aerosol)","P1Y","Annual mean / 1 calendar year","2022","11.847","ug/m3","95.07","1","Background","Suburban","-6.3053","53.3903","64.0","Dublin                                                                          ","IE001C1                                           ","516255","E1a/validated data AQ e-Reporting","03/07/2025 21:59:06","https://eeadmz1batchservice02.blob.core.windows.net/airquality-p-e1a/IE/SPO.IE.IE003APSample1_5.parquet","day"
"Ireland","NET.IE001","Ireland Air Quality e-Reporting monitoring network for compliance and informative reporting","IE001AP","Dublin Inchicore Davitt Road","SPO.IE.IE001APSample1_5","PM10","Particulate matter < 10 µm (aerosol)","P1Y","Annual mean / 1 calendar year","2022","14.137","ug/m3","94.52","1","Traffic","Suburban","-6.3090","53.3363","10.0","Dublin                                                                          ","IE001C1                                           ","516255","E1a/validated data AQ e-Reporting","03/07/2025 21:59:06","https://eeadmz1batchservice02.blob.core.windows.net/airquality-p-e1a/IE/SPO.IE.IE001APSample1_5.parquet","day"
"Ireland","NET.IE001","Ireland Air Quality e-Reporting monitoring network for compliance and informative reporting","IE004CP","Galway Galway City Rahoon Road","SPO.IE.IE004CPSample1_5","PM10","Particulate matter < 10 µm (aerosol)","P1Y","Annual mean / 1 calendar year","2022","12.587","ug/m3","95.07","1","Background","Suburban","-9.0859","53.2736","20.0","Galway                                                                          ","IE004C1                                           ","73963","E1a/validated data AQ e-Reporting","03/07/2025 21:59:06","https://eeadmz1batchservice02.blob.core.windows.net/airquality-p-e1a/IE/SPO.IE.IE004CPSample1_5.parquet","day"
"Ireland","NET.IE001","Ireland Air Quality e-Reporting monitoring network for compliance and informative reporting","IE0095A","Dublin Phoenix Park Ordnance Survey Road","SPO.IE.IE0095ASample1_5","PM10","Particulate matter < 10 µm (aerosol)","P1Y","Annual mean / 1 calendar year","2022","10.877","ug/m3","97.26","1","Background","Suburban","-6.3490","53.3644","35.0","Dublin                                                                          ","IE001C1                                           ","516255","E1a/validated data AQ e-Reporting","03/07/2025 21:59:06","https://eeadmz1batchservice02.blob.core.windows.net/airquality-p-e1a/IE/SPO.IE.IE0095ASample1_5.parquet","day"
"Ireland","NET.IE001","Ireland Air Quality e-Reporting monitoring network for compliance and informative reporting","IE0036A","Dublin Ballyfermot Library","SPO.IE.IE0036ASample2_5","PM10","Particulate matter < 10 µm (aerosol)","P1Y","Annual mean / 1 calendar year","2022","12.626","ug/m3","100.00","1","Background","Suburban","-6.3523","53.3405","43.0","Dublin                                                                          ","IE001C1                                           ","516255","E1a/validated data AQ e-Reporting","03/07/2025 21:59:06","https://eeadmz1batchservice02.blob.core.windows.net/airquality-p-e1a/IE/SPO.IE.IE0036ASample2_5.parquet","day"
"Ireland","NET.IE001","Ireland Air Quality e-Reporting monitoring network for compliance and informative reporting","IE0106A","Dublin Marino Brian Road","SPO.IE.IE0106ASample1_5","PM10","Particulate matter < 10 µm (aerosol)","P1Y","Annual mean / 1 calendar year","2022","13.557","ug/m3","100.00","1","Background","Suburban","-6.2279","53.3682","14.0","Dublin                                                                          ","IE001C1                                           ","516255","E1a/validated data AQ e-Reporting","03/07/2025 21:59:06","https://eeadmz1batchservice02.blob.core.windows.net/airquality-p-e1a/IE/SPO.IE.IE0106ASample1_5.parquet","day"
"Ireland","NET.IE001","Ireland Air Quality e-Reporting monitoring network for compliance and informative reporting","IE002BP","Cork Bishopstown MTU","SPO.IE.IE002BPSample2_5","PM10","Particulate matter < 10 µm (aerosol)","P1Y","Annual mean / 1 calendar year","2022","13.702","ug/m3","79.45","1","Background","Suburban","-8.5330","51.8841","21.0","Cork                                                                            ","IE002C1                                           ","118713","E1a/validated data AQ e-Reporting","03/07/2025 21:59:06","https://eeadmz1batchservice02.blob.core.windows.net/airquality-p-e1a/IE/SPO.IE.IE002BPSample2_5.parquet","day"
"Ireland","NET.IE001","Ireland Air Quality e-Reporting monitoring network for compliance and informative reporting","IE005CP","Waterford Waterford City Paddy Brownes Road","SPO.IE.IE005CPSample1_5","PM10","Particulate matter < 10 µm (aerosol)","P1Y","Annual mean / 1 calendar year","2022","15.236","ug/m3","98.90","1","Background","Suburban","-7.1516","52.2471","21.0","Waterford                                                                       ","IE005C1                                           ","46583","E1a/validated data AQ e-Reporting","03/07/2025 21:59:06","https://eeadmz1batchservice02.blob.core.windows.net/airquality-p-e1a/IE/SPO.IE.IE005CPSample1_5.parquet","day"
"Ireland","NET.IE001","Ireland Air Quality e-Reporting monitoring network for compliance and informative reporting","IE002AP","Dublin Raheny Saint Anne's Park","SPO.IE.IE002APSample1_5","PM10","Particulate matter < 10 µm (aerosol)","P1Y","Annual mean / 1 calendar year","2022","12.867","ug/m3","100.00","1","Background","Suburban","-6.1726","53.3688","10.0","Dublin                                                                          ","IE001C1                                           ","516255","E1a/validated data AQ e-Reporting","03/07/2025 21:59:06","https://eeadmz1batchservice02.blob.core.windows.net/airquality-p-e1a/IE/SPO.IE.IE002APSample1_5.parquet","day"
"Ireland","NET.IE001","Ireland Air Quality e-Reporting monitoring network for compliance and informative reporting","IE001BP","Cork South Link Road Landfill","SPO.IE.IE001BPSample2_5","PM10","Particulate matter < 10 µm (aerosol)","P1Y","Annual mean / 1 calendar year","2022","15.786","ug/m3","91.51","1","Traffic","Suburban","-8.4750","51.9111","12.0","Cork                                                                            ","IE002C1                                           ","118713","E1a/validated data AQ e-Reporting","03/07/2025 21:59:06","https://eeadmz1batchservice02.blob.core.windows.net/airquality-p-e1a/IE/SPO.IE.IE001BPSample2_5.parquet","day"
"Ireland","NET.IE001","Ireland Air Quality e-Reporting monitoring network for compliance and informative reporting","IE0110A","Cork Ballinlough Heatherton Park","SPO.IE.IE0110ASample1_5","PM10","Particulate matter < 10 µm (aerosol)","P1Y","Annual mean / 1 calendar year","2022","11.853","ug/m3","94.25","1","Background","Suburban","-8.4571","51.8819","4.0","Cork                                                                            ","IE002C1                                           ","118713","E1a/validated data AQ e-Reporting","03/07/2025 21:59:06","https://eeadmz1batchservice02.blob.core.windows.net/airquality-p-e1a/IE/SPO.IE.IE0110ASample1_5.parquet","day"
"Ireland","NET.IE001","Ireland Air Quality e-Reporting monitoring network for compliance and informative reporting","IE003WW","Wicklow Greystones","SPO.IE.IE003WWSample1_5","PM10","Particulate matter < 10 µm (aerosol)","P1Y","Annual mean / 1 calendar year","2022","11.591","ug/m3","100.00","1","Background","Suburban","-6.0703","53.1499","50.0","","","","E1a/validated data AQ e-Reporting","03/07/2025 21:59:06","https://eeadmz1batchservice02.blob.core.windows.net/airquality-p-e1a/IE/SPO.IE.IE003WWSample1_5.parquet","day"
"Ireland","NET.IE001","Ireland Air Quality e-Reporting monitoring network for compliance and informative reporting","IE011CP","Westmeath Athlone","SPO.IE.IE011CPSample1_5","PM10","Particulate matter < 10 µm (aerosol)","P1Y","Annual mean / 1 calendar year","2022","12.375","ug/m3","98.08","1","Background","Suburban","-7.9377","53.4248","40.0","","","","E1a/validated data AQ e-Reporting","03/07/2025 21:59:06","https://eeadmz1batchservice02.blob.core.windows.net/airquality-p-e1a/IE/SPO.IE.IE011CPSample1_5.parquet","day"
"Ireland","NET.IE001","Ireland Air Quality e-Reporting monitoring network for compliance and informative reporting","IE009DP","Offaly Birr","SPO.IE.IE009DPSample2_5","PM10","Particulate matter < 10 µm (aerosol)","P1Y","Annual mean / 1 calendar year","2022","13.977","ug/m3","87.67","1","Traffic","Suburban","-7.9085","53.0945","52.0","","","","E1a/validated data AQ e-Reporting","03/07/2025 21:59:06","https://eeadmz1batchservice02.blob.core.windows.net/airquality-p-e1a/IE/SPO.IE.IE009DPSample2_5.parquet","day"
"Ireland","NET.IE001","Ireland Air Quality e-Reporting monitoring network for compliance and informative reporting","IE0090A","Monaghan Kilkitt Waterworks","SPO.IE.IE0090ASample2_5","PM10","Particulate matter < 10 µm (aerosol)","P1Y","Annual mean / 1 calendar year","2022","8.562","ug/m3","94.79","1","Background","Rural","-6.8831","54.0661","170.0","","","","E1a/validated data AQ e-Reporting","03/07/2025 21:59:06","https://eeadmz1batchservice02.blob.core.windows.net/airquality-p-e1a/IE/SPO.IE.IE0090ASample2_5.parquet","day"
"Ireland","NET.IE001","Ireland Air Quality e-Reporting monitoring network for compliance and informative reporting","IE003CP","Carlow Carlow Town County Council Offices","SPO.IE.IE003CPSample1_5","PM10","Particulate matter < 10 µm (aerosol)","P1Y","Annual mean / 1 calendar year","2022","11.385","ug/m3","99.45","1","Background","Suburban","-6.9317","52.8397","50.0","","","","E1a/validated data AQ e-Reporting","03/07/2025 21:59:06","https://eeadmz1batchservice02.blob.core.windows.net/airquality-p-e1a/IE/SPO.IE.IE003CPSample1_5.parquet","day"
"Ireland","NET.IE001","Ireland Air Quality e-Reporting monitoring network for compliance and informative reporting","IE001CM","Laois Portlaoise Dublin Road","SPO.IE.IE001CMSample2_5","PM10","Particulate matter < 10 µm (aerosol)","P1Y","Annual mean / 1 calendar year","2022","11.984","ug/m3","100.00","1","Background","Suburban","-7.2887","53.0361","107.0","","","","E1a/validated data AQ e-Reporting","03/07/2025 21:59:06","https://eeadmz1batchservice02.blob.core.windows.net/airquality-p-e1a/IE/SPO.IE.IE001CMSample2_5.parquet","day"
"Ireland","NET.IE001","Ireland Air Quality e-Reporting monitoring network for compliance and informative reporting","IE010CP","Tipperary Clonmel","SPO.IE.IE010CPSample1_5","PM10","Particulate matter < 10 µm (aerosol)","P1Y","Annual mean / 1 calendar year","2022","11.555","ug/m3","89.32","1","Background","Suburban","-7.6994","52.3547","22.0","","","","E1a/validated data AQ e-Reporting","03/07/2025 21:59:06","https://eeadmz1batchservice02.blob.core.windows.net/airquality-p-e1a/IE/SPO.IE.IE010CPSample1_5.parquet","day"
"Ireland","NET.IE001","Ireland Air Quality e-Reporting monitoring network for compliance and informative reporting","IE005DP","Cork Cobh Carrignafoy","SPO.IE.IE005DPSample1_5","PM10","Particulate matter < 10 µm (aerosol)","P1Y","Annual mean / 1 calendar year","2022","13.216","ug/m3","100.00","1","Background","Suburban","-8.2878","51.8550","79.0","","","","E1a/validated data AQ e-Reporting","03/07/2025 21:59:06","https://eeadmz1batchservice02.blob.core.windows.net/airquality-p-e1a/IE/SPO.IE.IE005DPSample1_5.parquet","day"
"Ireland","NET.IE001","Ireland Air Quality e-Reporting monitoring network for compliance and informative reporting","IE004KY","Kerry Killarney","SPO.IE.IE004KYSample1_5","PM10","Particulate matter < 10 µm (aerosol)","P1Y","Annual mean / 1 calendar year","2022","17.908","ug/m3","98.08","1","Background","Suburban","-9.5049","52.0583","35.0","","","","E1a/validated data AQ e-Reporting","03/07/2025 21:59:06","https://eeadmz1batchservice02.blob.core.windows.net/airquality-p-e1a/IE/SPO.IE.IE004KYSample1_5.parquet","day"
"Ireland","NET.IE001","Ireland Air Quality e-Reporting monitoring network for compliance and informative reporting","IE012CK","Cork Mallow","SPO.IE.IE012CKSample1_5","PM10","Particulate matter < 10 µm (aerosol)","P1Y","Annual mean / 1 calendar year","2022","13.492","ug/m3","100.00","1","Background","Suburban","-8.6407","52.1340","49.0","","","","E1a/validated data AQ e-Reporting","03/07/2025 21:59:06","https://eeadmz1batchservice02.blob.core.windows.net/airquality-p-e1a/IE/SPO.IE.IE012CKSample1_5.parquet","day"
"Ireland","NET.IE001","Ireland Air Quality e-Reporting monitoring network for compliance and informative reporting","IE004DP","Tipperary Town","SPO.IE.IE004DPSample1_5","PM10","Particulate matter < 10 µm (aerosol)","P1Y","Annual mean / 1 calendar year","2022","13.934","ug/m3","97.53","1","Background","Suburban","-8.1564","52.4792","100.0","","","","E1a/validated data AQ e-Reporting","03/07/2025 21:59:06","https://eeadmz1batchservice02.blob.core.windows.net/airquality-p-e1a/IE/SPO.IE.IE004DPSample1_5.parquet","day"
"Ireland","NET.IE001","Ireland Air Quality e-Reporting monitoring network for compliance and informative reporting","IE001LM","Leitrim Carrick-on-Shannon","SPO.IE.IE001LMSample1_5","PM10","Particulate matter < 10 µm (aerosol)","P1Y","Annual mean / 1 calendar year","2022","10.193","ug/m3","98.90","1","Background","Suburban","-8.0865","53.9446","16.0","","","","E1a/validated data AQ e-Reporting","03/07/2025 21:59:06","https://eeadmz1batchservice02.blob.core.windows.net/airquality-p-e1a/IE/SPO.IE.IE001LMSample1_5.parquet","day"
"Ireland","NET.IE001","Ireland Air Quality e-Reporting monitoring network for compliance and informative reporting","IE0141A","Wicklow Bray Wurzburg Road","SPO.IE.IE0141ASample2_5","PM10","Particulate matter < 10 µm (aerosol)","P1Y","Annual mean / 1 calendar year","2022","10.002","ug/m3","33.97","1","Background","Suburban","-6.1217","53.1872","47.0","","","","E1a/validated data AQ e-Reporting","03/07/2025 21:59:06","https://eeadmz1batchservice02.blob.core.windows.net/airquality-p-e1a/IE/SPO.IE.IE0141ASample2_5.parquet","day"
"Ireland","NET.IE001","Ireland Air Quality e-Reporting monitoring network for compliance and informative reporting","IE012CP","Wexford Wexford Town Opera House","SPO.IE.IE012CPSample1_5","PM10","Particulate matter < 10 µm (aerosol)","P1Y","Annual mean / 1 calendar year","2022","14.520","ug/m3","100.00","1","Background","Suburban","-6.4616","52.3374","13.0","","","","E1a/validated data AQ e-Reporting","03/07/2025 21:59:06","https://eeadmz1batchservice02.blob.core.windows.net/airquality-p-e1a/IE/SPO.IE.IE012CPSample1_5.parquet","day"
"Ireland","NET.IE001","Ireland Air Quality e-Reporting monitoring network for compliance and informative reporting","IE0118A","Mayo Castlebar John Moore Road","SPO.IE.IE0118ASample2_5","PM10","Particulate matter < 10 µm (aerosol)","P1Y","Annual mean / 1 calendar year","2022","11.252","ug/m3","97.26","1","Background","Suburban","-9.2997","53.8511","41.0","","","","E1a/validated data AQ e-Reporting","03/07/2025 21:59:06","https://eeadmz1batchservice02.blob.core.windows.net/airquality-p-e1a/IE/SPO.IE.IE0118ASample2_5.parquet","day"
"Ireland","NET.IE001","Ireland Air Quality e-Reporting monitoring network for compliance and informative reporting","IE009CP","Kerry Tralee Library","SPO.IE.IE009CPSample1_5","PM10","Particulate matter < 10 µm (aerosol)","P1Y","Annual mean / 1 calendar year","2022","17.908","ug/m3","98.08","1","Background","Suburban","-9.6979","52.2673","8.0","","","","E1a/validated data AQ e-Reporting","03/07/2025 21:59:06","https://eeadmz1batchservice02.blob.core.windows.net/airquality-p-e1a/IE/SPO.IE.IE009CPSample1_5.parquet","day"
"Ireland","NET.IE001","Ireland Air Quality e-Reporting monitoring network for compliance and informative reporting","IE0127A","Dublin Clonskeagh Road Richview","SPO.IE.IE0127ASample2_5","PM10","Particulate matter < 10 µm (aerosol)","P1Y","Annual mean / 1 calendar year","2022","11.329","ug/m3","99.73","1","Background","Suburban","-6.2353","53.3118","25.0","","","","E1a/validated data AQ e-Reporting","03/07/2025 21:59:06","https://eeadmz1batchservice02.blob.core.windows.net/airquality-p-e1a/IE/SPO.IE.IE0127ASample2_5.parquet","day"
"Ireland","NET.IE001","Ireland Air Quality e-Reporting monitoring network for compliance and informative reporting","IE005OY","Offaly Edenderry","SPO.IE.IE005OYSample1_5","PM10","Particulate matter < 10 µm (aerosol)","P1Y","Annual mean / 1 calendar year","2022","17.724","ug/m3","98.63","1","Background","Suburban","-7.0475","53.3425","93.0","","","","E1a/validated data AQ e-Reporting","03/07/2025 21:59:06","https://eeadmz1batchservice02.blob.core.windows.net/airquality-p-e1a/IE/SPO.IE.IE005OYSample1_5.parquet","day"
"Ireland","NET.IE001","Ireland Air Quality e-Reporting monitoring network for compliance and informative reporting","IE0132A","Dublin Dun Laoghaire The Glen","SPO.IE.IE0132ASample2_5","PM10","Particulate matter < 10 µm (aerosol)","P1Y","Annual mean / 1 calendar year","2022","12.185","ug/m3","95.07","1","Background","Suburban","-6.1319","53.2858","29.0","","","","E1a/validated data AQ e-Reporting","03/07/2025 21:59:06","https://eeadmz1batchservice02.blob.core.windows.net/airquality-p-e1a/IE/SPO.IE.IE0132ASample2_5.parquet","day"
"Ireland","NET.IE001","Ireland Air Quality e-Reporting monitoring network for compliance and informative reporting","IE0108A","Limerick Shannon Estuary Asketon","SPO.IE.IE0108ASample2_5","PM10","Particulate matter < 10 µm (aerosol)","P1Y","Annual mean / 1 calendar year","2022","9.923","ug/m3","64.93","1","Industrial","Rural","-8.9542","52.6392","18.0","","","","E1a/validated data AQ e-Reporting","03/07/2025 21:59:06","https://eeadmz1batchservice02.blob.core.windows.net/airquality-p-e1a/IE/SPO.IE.IE0108ASample2_5.parquet","day"
"Ireland","NET.IE001","Ireland Air Quality e-Reporting monitoring network for compliance and informative reporting","IE006CP","Donegal Letterkenny Library","SPO.IE.IE006CPSample2_5","PM10","Particulate matter < 10 µm (aerosol)","P1Y","Annual mean / 1 calendar year","2022","14.585","ug/m3","93.97","1","Background","Suburban","-7.7352","54.9545","48.0","","","","E1a/validated data AQ e-Reporting","03/07/2025 21:59:06","https://eeadmz1batchservice02.blob.core.windows.net/airquality-p-e1a/IE/SPO.IE.IE006CPSample2_5.parquet","day"
"Ireland","NET.IE001","Ireland Air Quality e-Reporting monitoring network for compliance and informative reporting","IE027D","Dublin Dublin Airport","SPO.IE.IE027DSample1_5","PM10","Particulate matter < 10 µm (aerosol)","P1Y","Annual mean / 1 calendar year","2022","11.740","ug/m3","100.00","1","Background","Suburban","-6.2304","53.4344","61.0","","","","E1a/validated data AQ e-Reporting","03/07/2025 21:59:06","https://eeadmz1batchservice02.blob.core.windows.net/airquality-p-e1a/IE/SPO.IE.IE027DSample1_5.parquet","day"
"Ireland","NET.IE001","Ireland Air Quality e-Reporting monitoring network for compliance and informative reporting","IE007DP","Cork Macroom Council Yard","SPO.IE.IE007DPSample1_5","PM10","Particulate matter < 10 µm (aerosol)","P1Y","Annual mean / 1 calendar year","2022","16.149","ug/m3","100.00","1","Background","Suburban","-8.9529","51.9047","76.0","","","","E1a/validated data AQ e-Reporting","03/07/2025 21:59:06","https://eeadmz1batchservice02.blob.core.windows.net/airquality-p-e1a/IE/SPO.IE.IE007DPSample1_5.parquet","day"
"Ireland","NET.IE001","Ireland Air Quality e-Reporting monitoring network for compliance and informative reporting","IE007KE","Kildare Leixlip","SPO.IE.IE007KESample1_5","PM10","Particulate matter < 10 µm (aerosol)","P1Y","Annual mean / 1 calendar year","2022","11.151","ug/m3","91.51","1","Background","Suburban","-6.4867","53.3719","53.0","","","","E1a/validated data AQ e-Reporting","03/07/2025 21:59:06","https://eeadmz1batchservice02.blob.core.windows.net/airquality-p-e1a/IE/SPO.IE.IE007KESample1_5.parquet","day"
"Ireland","NET.IE001","Ireland Air Quality e-Reporting monitoring network for compliance and informative reporting","IE008CP","Meath Navan","SPO.IE.IE008CPSample2_5","PM10","Particulate matter < 10 µm (aerosol)","P1Y","Annual mean / 1 calendar year","2022","14.167","ug/m3","100.00","1","Traffic","Suburban","-6.6893","53.6556","50.0","","","","E1a/validated data AQ e-Reporting","03/07/2025 21:59:06","https://eeadmz1batchservice02.blob.core.windows.net/airquality-p-e1a/IE/SPO.IE.IE008CPSample2_5.parquet","day"
"Ireland","NET.IE001","Ireland Air Quality e-Reporting monitoring network for compliance and informative reporting","IE0145A","Mayo Claremorris","SPO.IE.IE0145ASample1_5","PM10","Particulate matter < 10 µm (aerosol)","P1Y","Annual mean / 1 calendar year","2022","8.017","ug/m3","95.62","1","Background","Rural","-9.0127","53.7039","44.0","","","","E1a/validated data AQ e-Reporting","03/07/2025 21:59:06","https://eeadmz1batchservice02.blob.core.windows.net/airquality-p-e1a/IE/SPO.IE.IE0145ASample1_5.parquet","day"
"Ireland","NET.IE001","Ireland Air Quality e-Reporting monitoring network for compliance and informative reporting","IE0147A","Kilkenny Seville Lodge","SPO.IE.IE0147ASample2_5","PM10","Particulate matter < 10 µm (aerosol)","P1Y","Annual mean / 1 calendar year","2022","17.505","ug/m3","97.81","1","Background","Suburban","-7.2681","52.6388","68.0","","","","E1a/validated data AQ e-Reporting","03/07/2025 21:59:06","https://eeadmz1batchservice02.blob.core.windows.net/airquality-p-e1a/IE/SPO.IE.IE0147ASample2_5.parquet","day"
"Ireland","NET.IE001","Ireland Air Quality e-Reporting monitoring network for compliance and informative reporting","IE0137A","Clare Ennis Drumbiggle Road","SPO.IE.IE0137ASample2_5","PM10","Particulate matter < 10 µm (aerosol)","P1Y","Annual mean / 1 calendar year","2022","20.037","ug/m3","93.42","1","Background","Suburban","-8.9893","52.8432","5.0","","","","E1a/validated data AQ e-Reporting","03/07/2025 21:59:06","https://eeadmz1batchservice02.blob.core.windows.net/airquality-p-e1a/IE/SPO.IE.IE0137ASample2_5.parquet","day"
"Ireland","NET.IE001","Ireland Air Quality e-Reporting monitoring network for compliance and informative reporting","IE002DP","Roscommon Roscommon Town County Council Offices","SPO.IE.IE002DPSample1_5","PM10","Particulate matter < 10 µm (aerosol)","P1Y","Annual mean / 1 calendar year","2022","11.243","ug/m3","95.62","1","Background","Suburban","-8.1944","53.6294","61.0","","","","E1a/validated data AQ e-Reporting","03/07/2025 21:59:06","https://eeadmz1batchservice02.blob.core.windows.net/airquality-p-e1a/IE/SPO.IE.IE002DPSample1_5.parquet","day"
"Ireland","NET.IE001","Ireland Air Quality e-Reporting monitoring network for compliance and informative reporting","IE006KE","Kildare Naas","SPO.IE.IE006KESample1_5","PM10","Particulate matter < 10 µm (aerosol)","P1Y","Annual mean / 1 calendar year","2022","12.255","ug/m3","98.90","1","Background","Suburban","-6.6591","53.2181","95.0","","","","E1a/validated data AQ e-Reporting","03/07/2025 21:59:06","https://eeadmz1batchservice02.blob.core.windows.net/airquality-p-e1a/IE/SPO.IE.IE006KESample1_5.parquet","day"
"Ireland","NET.IE001","Ireland Air Quality e-Reporting monitoring network for compliance and informative reporting","IE010CK","Cork Cobh Carrig House","SPO.IE.IE010CKSample1_5","PM10","Particulate matter < 10 µm (aerosol)","P1Y","Annual mean / 1 calendar year","2022","14.501","ug/m3","69.32","1","Background","Suburban","-8.2974","51.8495","16.0","","","","E1a/validated data AQ e-Reporting","03/07/2025 21:59:06","https://eeadmz1batchservice02.blob.core.windows.net/airquality-p-e1a/IE/SPO.IE.IE010CKSample1_5.parquet","day"
"Ireland","NET.IE001","Ireland Air Quality e-Reporting monitoring network for compliance and informative reporting","IE0028A","Dublin Rathmines Wynnefield Road","SPO.IE.IE0028ASample2_5","PM10","Particulate matter < 10 µm (aerosol)","P1Y","Annual mean / 1 calendar year","2022","14.716","ug/m3","96.99","1","Background","Urban","-6.2672","53.3220","27.0","Dublin                                                                          ","IE001C1                                           ","516255","E1a/validated data AQ e-Reporting","03/07/2025 21:59:06","https://eeadmz1batchservice02.blob.core.windows.net/airquality-p-e1a/IE/SPO.IE.IE0028ASample2_5.parquet","day"
"Ireland","NET.IE001","Ireland Air Quality e-Reporting monitoring network for compliance and informative reporting","IE007GY","Galway Eyre Square","SPO.IE.IE007GYSample1_5","PM10","Particulate matter < 10 µm (aerosol)","P1Y","Annual mean / 1 calendar year","2022","","ug/m3","0.00","3","Traffic","Urban","-9.0485","53.2740","12.0","Galway                                                                          ","IE004C1                                           ","73963","E1a/validated data AQ e-Reporting","03/07/2025 21:59:06","https://eeadmz1batchservice02.blob.core.windows.net/airquality-p-e1a/IE/SPO.IE.IE007GYSample1_5.parquet","day"
"Ireland","NET.IE001","Ireland Air Quality e-Reporting monitoring network for compliance and informative reporting","IE008DP","Cavan Cavan Town Court House","SPO.IE.IE008DPSample1_5","PM10","Particulate matter < 10 µm (aerosol)","P1Y","Annual mean / 1 calendar year","2022","10.964","ug/m3","100.00","1","Background","Suburban","-7.3628","53.9936","56.0","","","","E1a/validated data AQ e-Reporting","03/07/2025 21:59:06","https://eeadmz1batchservice02.blob.core.windows.net/airquality-p-e1a/IE/SPO.IE.IE008DPSample1_5.parquet","day"
"Ireland","NET.IE001","Ireland Air Quality e-Reporting monitoring network for compliance and informative reporting","IE0136A","Dublin Tallaght Old Bawn Road","SPO.IE.IE0136ASample2_5","PM10","Particulate matter < 10 µm (aerosol)","P1Y","Annual mean / 1 calendar year","2022","11.054","ug/m3","96.71","1","Background","Suburban","-6.3588","53.2805","102.0","","","","E1a/validated data AQ e-Reporting","03/07/2025 21:59:06","https://eeadmz1batchservice02.blob.core.windows.net/airquality-p-e1a/IE/SPO.IE.IE0136ASample2_5.parquet","day"
"Ireland","NET.IE001","Ireland Air Quality e-Reporting monitoring network for compliance and informative reporting","IE0131A","Dublin Blanchardstown River Road","SPO.IE.IE0131ASample2_5","PM10","Particulate matter < 10 µm (aerosol)","P1Y","Annual mean / 1 calendar year","2022","15.063","ug/m3","98.63","1","Traffic","Suburban","-6.3699","53.3856","51.0","","","","E1a/validated data AQ e-Reporting","03/07/2025 21:59:06","https://eeadmz1batchservice02.blob.core.windows.net/airquality-p-e1a/IE/SPO.IE.IE0131ASample2_5.parquet","day"
"Ireland","NET.IE001","Ireland Air Quality e-Reporting monitoring network for compliance and informative reporting","IE0142A","Longford Town Dublin Road Railway","SPO.IE.IE0142ASample1_5","PM10","Particulate matter < 10 µm (aerosol)","P1Y","Annual mean / 1 calendar year","2022","16.039","ug/m3","100.00","1","Traffic","Suburban","-7.7914","53.7256","48.0","","","","E1a/validated data AQ e-Reporting","03/07/2025 21:59:06","https://eeadmz1batchservice02.blob.core.windows.net/airquality-p-e1a/IE/SPO.IE.IE0142ASample1_5.parquet","day"
"Ireland","NET.IE001","Ireland Air Quality e-Reporting monitoring network for compliance and informative reporting","IE001DM","Wexford Enniscorthy Parnell Road","SPO.IE.IE001DMSample2_5","PM10","Particulate matter < 10 µm (aerosol)","P1Y","Annual mean / 1 calendar year","2022","15.027","ug/m3","98.08","1","Background","Suburban","-6.5708","52.4985","30.0","","","","E1a/validated data AQ e-Reporting","03/07/2025 21:59:06","https://eeadmz1batchservice02.blob.core.windows.net/airquality-p-e1a/IE/SPO.IE.IE001DMSample2_5.parquet","day"
"Ireland","NET.IE001","Ireland Air Quality e-Reporting monitoring network for compliance and informative reporting","IE004AP","Dublin Ringsend recycling Centre","SPO.IE.IE004APSample2_5","PM10","Particulate matter < 10 µm (aerosol)","P1Y","Annual mean / 1 calendar year","2022","16.229","ug/m3","97.81","1","Traffic","Urban","-6.2141","53.3419","4.0","Dublin                                                                          ","IE001C1                                           ","516255","E1a/validated data AQ e-Reporting","03/07/2025 21:59:06","https://eeadmz1batchservice02.blob.core.windows.net/airquality-p-e1a/IE/SPO.IE.IE004APSample2_5.parquet","day"
"Ireland","NET.IE001","Ireland Air Quality e-Reporting monitoring network for compliance and informative reporting","IE002LH","Louth Drogheda","SPO.IE.IE002LHSample1_5","PM10","Particulate matter < 10 µm (aerosol)","P1Y","Annual mean / 1 calendar year","2022","11.933","ug/m3","100.00","1","Background","Suburban","-6.3200","53.7322","23.0","","","","E1a/validated data AQ e-Reporting","03/07/2025 21:59:06","https://eeadmz1batchservice02.blob.core.windows.net/airquality-p-e1a/IE/SPO.IE.IE002LHSample1_5.parquet","day"
"Ireland","NET.IE001","Ireland Air Quality e-Reporting monitoring network for compliance and informative reporting","IE002CM","Louth Dundalk Meadow Grove","SPO.IE.IE002CMSample2_5","PM10","Particulate matter < 10 µm (aerosol)","P1Y","Annual mean / 1 calendar year","2022","22.979","ug/m3","6.58","1","Background","Suburban","-6.3926","54.0031","1.0","","","","E1a/validated data AQ e-Reporting","03/07/2025 21:59:06","https://eeadmz1batchservice02.blob.core.windows.net/airquality-p-e1a/IE/SPO.IE.IE002CMSample2_5.parquet","day"
"Ireland","NET.IE001","Ireland Air Quality e-Reporting monitoring network for compliance and informative reporting","IE028D","Dublin Dublin Port","SPO.IE.IE028DSample1_5","PM10","Particulate matter < 10 µm (aerosol)","P1Y","Annual mean / 1 calendar year","2022","18.057","ug/m3","93.15","1","Traffic","Urban","-6.2039","53.3527","4.0","Dublin                                                                          ","IE001C1                                           ","516255","E1a/validated data AQ e-Reporting","03/07/2025 21:59:06","https://eeadmz1batchservice02.blob.core.windows.net/airquality-p-e1a/IE/SPO.IE.IE028DSample1_5.parquet","day"
"Ireland","NET.IE001","Ireland Air Quality e-Reporting monitoring network for compliance and informative reporting","IE0098A","Dublin Winetavern Street","SPO.IE.IE0098ASample2_5","PM10","Particulate matter < 10 µm (aerosol)","P1Y","Annual mean / 1 calendar year","2022","13.622","ug/m3","99.73","1","Traffic","Urban","-6.2889","53.3417","9.0","Dublin                                                                          ","IE001C1                                           ","516255","E1a/validated data AQ e-Reporting","03/07/2025 21:59:06","https://eeadmz1batchservice02.blob.core.windows.net/airquality-p-e1a/IE/SPO.IE.IE0098ASample2_5.parquet","day"
"Ireland","NET.IE001","Ireland Air Quality e-Reporting monitoring network for compliance and informative reporting","IE010LK","Limerick Henry Street","SPO.IE.IE010LKSample1_5","PM10","Particulate matter < 10 µm (aerosol)","P1Y","Annual mean / 1 calendar year","2022","13.872","ug/m3","98.08","1","Traffic","Urban","-8.6316","52.6613","10.0","Limerick                                                                        ","IE003C1                                           ","56980","E1a/validated data AQ e-Reporting","03/07/2025 21:59:06","https://eeadmz1batchservice02.blob.core.windows.net/airquality-p-e1a/IE/SPO.IE.IE010LKSample1_5.parquet","day"
"Ireland","NET.IE001","Ireland Air Quality e-Reporting monitoring network for compliance and informative reporting","IE013CK","Cork Lower Glanmire Road","SPO.IE.IE013CKSample1_5","PM10","Particulate matter < 10 µm (aerosol)","P1Y","Annual mean / 1 calendar year","2022","14.100","ug/m3","0.27","1","Traffic","Urban","-8.4621","51.9017","10.0","Cork                                                                            ","IE002C1                                           ","118713","E1a/validated data AQ e-Reporting","03/07/2025 21:59:06","https://eeadmz1batchservice02.blob.core.windows.net/airquality-p-e1a/IE/SPO.IE.IE013CKSample1_5.parquet","day"
"Ireland","NET.IE001","Ireland Air Quality e-Reporting monitoring network for compliance and informative reporting","IE007CP","Limerick Peoples Park","SPO.IE.IE007CPSample1_5","PM10","Particulate matter < 10 µm (aerosol)","P1Y","Annual mean / 1 calendar year","2022","13.938","ug/m3","97.81","1","Background","Urban","-8.6287","52.6586","16.0","Limerick                                                                        ","IE003C1                                           ","56980","E1a/validated data AQ e-Reporting","03/07/2025 21:59:06","https://eeadmz1batchservice02.blob.core.windows.net/airquality-p-e1a/IE/SPO.IE.IE007CPSample1_5.parquet","day"
"Ireland","NET.IE001","Ireland Air Quality e-Reporting monitoring network for compliance and informative reporting","IE006AP","Dublin Pearse St.","SPO.IE.IE006APSample2_5","PM10","Particulate matter < 10 µm (aerosol)","P1Y","Annual mean / 1 calendar year","2022","16.130","ug/m3","88.77","1","Traffic","Urban","-6.2543","53.3450","11.0","Dublin                                                                          ","IE001C1                                           ","516255","E1a/validated data AQ e-Reporting","03/07/2025 21:59:06","https://eeadmz1batchservice02.blob.core.windows.net/airquality-p-e1a/IE/SPO.IE.IE006APSample2_5.parquet","day"
"Ireland","NET.IE001","Ireland Air Quality e-Reporting monitoring network for compliance and informative reporting","IE005AP","Dublin Kilmainham St. John's Road West","SPO.IE.IE005APSample1_5","PM10","Particulate matter < 10 µm (aerosol)","P1Y","Annual mean / 1 calendar year","2022","14.551","ug/m3","100.00","1","Traffic","Urban","-6.2948","53.3458","7.0","Dublin                                                                          ","IE001C1                                           ","516255","E1a/validated data AQ e-Reporting","03/07/2025 21:59:06","https://eeadmz1batchservice02.blob.core.windows.net/airquality-p-e1a/IE/SPO.IE.IE005APSample1_5.parquet","day"
"Ireland","NET.IE001","Ireland Air Quality e-Reporting monitoring network for compliance and informative reporting","IE0106A","Dublin Marino Brian Road","SPO.IE.IE0106ASample1_5","PM10","Particulate matter < 10 µm (aerosol)","P1Y","Annual mean / 1 calendar year","2023","11.626","ug/m3","100.00","1","Background","Suburban","-6.2279","53.3682","14.0","Dublin                                                                          ","IE001C1                                           ","516255","E1a/validated data AQ e-Reporting","03/07/2025 21:59:06","https://eeadmz1batchservice02.blob.core.windows.net/airquality-p-e1a/IE/SPO.IE.IE0106ASample1_5.parquet","day"
"Ireland","NET.IE001","Ireland Air Quality e-Reporting monitoring network for compliance and informative reporting","IE004CP","Galway Galway City Rahoon Road","SPO.IE.IE004CPSample1_5","PM10","Particulate matter < 10 µm (aerosol)","P1Y","Annual mean / 1 calendar year","2023","12.708","ug/m3","83.29","1","Background","Suburban","-9.0859","53.2736","20.0","Galway                                                                          ","IE004C1                                           ","73963","E1a/validated data AQ e-Reporting","03/07/2025 21:59:06","https://eeadmz1batchservice02.blob.core.windows.net/airquality-p-e1a/IE/SPO.IE.IE004CPSample1_5.parquet","day"
"Ireland","NET.IE001","Ireland Air Quality e-Reporting monitoring network for compliance and informative reporting","IE009GY","Galway Briarhill","SPO.IE.IE009GYSample2_5","PM10","Particulate matter < 10 µm (aerosol)","P1Y","Annual mean / 1 calendar year","2023","12.094","ug/m3","87.95","1","Traffic","Suburban","-8.9870","53.2921","45.0","Galway                                                                          ","IE004C1                                           ","73963","E1a/validated data AQ e-Reporting","03/07/2025 21:59:06","https://eeadmz1batchservice02.blob.core.windows.net/airquality-p-e1a/IE/SPO.IE.IE009GYSample2_5.parquet","day"
"Ireland","NET.IE001","Ireland Air Quality e-Reporting monitoring network for compliance and informative reporting","IE005CP","Waterford Waterford City Paddy Brownes Road","SPO.IE.IE005CPSample1_5","PM10","Particulate matter < 10 µm (aerosol)","P1Y","Annual mean / 1 calendar year","2023","12.229","ug/m3","99.45","1","Background","Suburban","-7.1516","52.2471","21.0","Waterford                                                                       ","IE005C1                                           ","46583","E1a/validated data AQ e-Reporting","03/07/2025 21:59:06","https://eeadmz1batchservice02.blob.core.windows.net/airquality-p-e1a/IE/SPO.IE.IE005CPSample1_5.parquet","day"
"Ireland","NET.IE001","Ireland Air Quality e-Reporting monitoring network for compliance and informative reporting","IE001BP","Cork South Link Road Landfill","SPO.IE.IE001BPSample2_5","PM10","Particulate matter < 10 µm (aerosol)","P1Y","Annual mean / 1 calendar year","2023","","ug/m3","0.00","3","Traffic","Suburban","-8.4750","51.9111","12.0","Cork                                                                            ","IE002C1                                           ","118713","E1a/validated data AQ e-Reporting","03/07/2025 21:59:06","https://eeadmz1batchservice02.blob.core.windows.net/airquality-p-e1a/IE/SPO.IE.IE001BPSample2_5.parquet","day"
"Ireland","NET.IE001","Ireland Air Quality e-Reporting monitoring network for compliance and informative reporting","IE002AP","Dublin Raheny Saint Anne's Park","SPO.IE.IE002APSample1_5","PM10","Particulate matter < 10 µm (aerosol)","P1Y","Annual mean / 1 calendar year","2023","10.882","ug/m3","97.53","1","Background","Suburban","-6.1726","53.3688","10.0","Dublin                                                                          ","IE001C1                                           ","516255","E1a/validated data AQ e-Reporting","03/07/2025 21:59:06","https://eeadmz1batchservice02.blob.core.windows.net/airquality-p-e1a/IE/SPO.IE.IE002APSample1_5.parquet","day"
"Ireland","NET.IE001","Ireland Air Quality e-Reporting monitoring network for compliance and informative reporting","IE003AP","Dublin Finglas Mellowes Road","SPO.IE.IE003APSample1_5","PM10","Particulate matter < 10 µm (aerosol)","P1Y","Annual mean / 1 calendar year","2023","12.313","ug/m3","100.00","1","Background","Suburban","-6.3053","53.3903","64.0","Dublin                                                                          ","IE001C1                                           ","516255","E1a/validated data AQ e-Reporting","03/07/2025 21:59:06","https://eeadmz1batchservice02.blob.core.windows.net/airquality-p-e1a/IE/SPO.IE.IE003APSample1_5.parquet","day"
"Ireland","NET.IE001","Ireland Air Quality e-Reporting monitoring network for compliance and informative reporting","IE0036A","Dublin Ballyfermot Library","SPO.IE.IE0036ASample2_5","PM10","Particulate matter < 10 µm (aerosol)","P1Y","Annual mean / 1 calendar year","2023","11.067","ug/m3","99.18","1","Background","Suburban","-6.3523","53.3405","43.0","Dublin                                                                          ","IE001C1                                           ","516255","E1a/validated data AQ e-Reporting","03/07/2025 21:59:06","https://eeadmz1batchservice02.blob.core.windows.net/airquality-p-e1a/IE/SPO.IE.IE0036ASample2_5.parquet","day"
"Ireland","NET.IE001","Ireland Air Quality e-Reporting monitoring network for compliance and informative reporting","IE001AP","Dublin Inchicore Davitt Road","SPO.IE.IE001APSample1_5","PM10","Particulate matter < 10 µm (aerosol)","P1Y","Annual mean / 1 calendar year","2023","13.326","ug/m3","99.18","1","Traffic","Suburban","-6.3090","53.3363","10.0","Dublin                                                                          ","IE001C1                                           ","516255","E1a/validated data AQ e-Reporting","03/07/2025 21:59:06","https://eeadmz1batchservice02.blob.core.windows.net/airquality-p-e1a/IE/SPO.IE.IE001APSample1_5.parquet","day"
"Ireland","NET.IE001","Ireland Air Quality e-Reporting monitoring network for compliance and informative reporting","IE0110A","Cork Ballinlough Heatherton Park","SPO.IE.IE0110ASample1_5","PM10","Particulate matter < 10 µm (aerosol)","P1Y","Annual mean / 1 calendar year","2023","10.970","ug/m3","100.00","1","Background","Suburban","-8.4571","51.8819","4.0","Cork                                                                            ","IE002C1                                           ","118713","E1a/validated data AQ e-Reporting","03/07/2025 21:59:06","https://eeadmz1batchservice02.blob.core.windows.net/airquality-p-e1a/IE/SPO.IE.IE0110ASample1_5.parquet","day"
"Ireland","NET.IE001","Ireland Air Quality e-Reporting monitoring network for compliance and informative reporting","IE004AP","Dublin Ringsend recycling Centre","SPO.IE.IE004APSample2_5","PM10","Particulate matter < 10 µm (aerosol)","P1Y","Annual mean / 1 calendar year","2023","13.779","ug/m3","98.90","1","Traffic","Urban","-6.2141","53.3419","4.0","Dublin                                                                          ","IE001C1                                           ","516255","E1a/validated data AQ e-Reporting","03/07/2025 21:59:06","https://eeadmz1batchservice02.blob.core.windows.net/airquality-p-e1a/IE/SPO.IE.IE004APSample2_5.parquet","day"
"Ireland","NET.IE001","Ireland Air Quality e-Reporting monitoring network for compliance and informative reporting","IE010LK","Limerick Henry Street","SPO.IE.IE010LKSample1_5","PM10","Particulate matter < 10 µm (aerosol)","P1Y","Annual mean / 1 calendar year","2023","11.309","ug/m3","98.63","1","Traffic","Urban","-8.6316","52.6613","10.0","Limerick                                                                        ","IE003C1                                           ","56980","E1a/validated data AQ e-Reporting","03/07/2025 21:59:06","https://eeadmz1batchservice02.blob.core.windows.net/airquality-p-e1a/IE/SPO.IE.IE010LKSample1_5.parquet","day"
"Ireland","NET.IE001","Ireland Air Quality e-Reporting monitoring network for compliance and informative reporting","IE0098A","Dublin Winetavern Street","SPO.IE.IE0098ASample2_5","PM10","Particulate matter < 10 µm (aerosol)","P1Y","Annual mean / 1 calendar year","2023","12.868","ug/m3","73.15","1","Traffic","Urban","-6.2889","53.3417","9.0","Dublin                                                                          ","IE001C1                                           ","516255","E1a/validated data AQ e-Reporting","03/07/2025 21:59:06","https://eeadmz1batchservice02.blob.core.windows.net/airquality-p-e1a/IE/SPO.IE.IE0098ASample2_5.parquet","day"
"Ireland","NET.IE001","Ireland Air Quality e-Reporting monitoring network for compliance and informative reporting","IE0095A","Dublin Phoenix Park Ordnance Survey Road","SPO.IE.IE0095ASample1_5","PM10","Particulate matter < 10 µm (aerosol)","P1Y","Annual mean / 1 calendar year","2023","9.136","ug/m3","100.00","1","Background","Suburban","-6.3490","53.3644","35.0","Dublin                                                                          ","IE001C1                                           ","516255","E1a/validated data AQ e-Reporting","03/07/2025 21:59:06","https://eeadmz1batchservice02.blob.core.windows.net/airquality-p-e1a/IE/SPO.IE.IE0095ASample1_5.parquet","day"
"Ireland","NET.IE001","Ireland Air Quality e-Reporting monitoring network for compliance and informative reporting","IE002BP","Cork Bishopstown MTU","SPO.IE.IE002BPSample2_5","PM10","Particulate matter < 10 µm (aerosol)","P1Y","Annual mean / 1 calendar year","2023","11.425","ug/m3","99.73","1","Background","Suburban","-8.5330","51.8841","21.0","Cork                                                                            ","IE002C1                                           ","118713","E1a/validated data AQ e-Reporting","03/07/2025 21:59:06","https://eeadmz1batchservice02.blob.core.windows.net/airquality-p-e1a/IE/SPO.IE.IE002BPSample2_5.parquet","day"
"Ireland","NET.IE001","Ireland Air Quality e-Reporting monitoring network for compliance and informative reporting","IE001DP","Donegal Malin Head","SPO.IE.IE001DPSample2_5","PM10","Particulate matter < 10 µm (aerosol)","P1Y","Annual mean / 1 calendar year","2023","12.803","ug/m3","63.84","1","Background","Rural","-7.3389","55.3722","25.0","","","","E1a/validated data AQ e-Reporting","03/07/2025 21:59:06","https://eeadmz1batchservice02.blob.core.windows.net/airquality-p-e1a/IE/SPO.IE.IE001DPSample2_5.parquet","day"
"Ireland","NET.IE001","Ireland Air Quality e-Reporting monitoring network for compliance and informative reporting","IE006KE","Kildare Naas","SPO.IE.IE006KESample1_5","PM10","Particulate matter < 10 µm (aerosol)","P1Y","Annual mean / 1 calendar year","2023","10.886","ug/m3","100.00","1","Background","Suburban","-6.6591","53.2181","95.0","","","","E1a/validated data AQ e-Reporting","03/07/2025 21:59:06","https://eeadmz1batchservice02.blob.core.windows.net/airquality-p-e1a/IE/SPO.IE.IE006KESample1_5.parquet","day"
"Ireland","NET.IE001","Ireland Air Quality e-Reporting monitoring network for compliance and informative reporting","IE0118A","Mayo Castlebar John Moore Road","SPO.IE.IE0118ASample2_5","PM10","Particulate matter < 10 µm (aerosol)","P1Y","Annual mean / 1 calendar year","2023","9.853","ug/m3","100.00","1","Background","Suburban","-9.2997","53.8511","41.0","","","","E1a/validated data AQ e-Reporting","03/07/2025 21:59:06","https://eeadmz1batchservice02.blob.core.windows.net/airquality-p-e1a/IE/SPO.IE.IE0118ASample2_5.parquet","day"
"Ireland","NET.IE001","Ireland Air Quality e-Reporting monitoring network for compliance and informative reporting","IE009CP","Kerry Tralee Library","SPO.IE.IE009CPSample1_5","PM10","Particulate matter < 10 µm (aerosol)","P1Y","Annual mean / 1 calendar year","2023","14.542","ug/m3","100.00","1","Background","Suburban","-9.6979","52.2673","8.0","","","","E1a/validated data AQ e-Reporting","03/07/2025 21:59:06","https://eeadmz1batchservice02.blob.core.windows.net/airquality-p-e1a/IE/SPO.IE.IE009CPSample1_5.parquet","day"
"Ireland","NET.IE001","Ireland Air Quality e-Reporting monitoring network for compliance and informative reporting","IE0090A","Monaghan Kilkitt Waterworks","SPO.IE.IE0090ASample2_5","PM10","Particulate matter < 10 µm (aerosol)","P1Y","Annual mean / 1 calendar year","2023","7.149","ug/m3","92.33","1","Background","Rural","-6.8831","54.0661","170.0","","","","E1a/validated data AQ e-Reporting","03/07/2025 21:59:06","https://eeadmz1batchservice02.blob.core.windows.net/airquality-p-e1a/IE/SPO.IE.IE0090ASample2_5.parquet","day"
"Ireland","NET.IE001","Ireland Air Quality e-Reporting monitoring network for compliance and informative reporting","IE005DP","Cork Cobh Carrignafoy","SPO.IE.IE005DPSample1_5","PM10","Particulate matter < 10 µm (aerosol)","P1Y","Annual mean / 1 calendar year","2023","11.770","ug/m3","100.00","1","Background","Suburban","-8.2878","51.8550","79.0","","","","E1a/validated data AQ e-Reporting","03/07/2025 21:59:06","https://eeadmz1batchservice02.blob.core.windows.net/airquality-p-e1a/IE/SPO.IE.IE005DPSample1_5.parquet","day"
"Ireland","NET.IE001","Ireland Air Quality e-Reporting monitoring network for compliance and informative reporting","IE003CP","Carlow Carlow Town County Council Offices","SPO.IE.IE003CPSample1_5","PM10","Particulate matter < 10 µm (aerosol)","P1Y","Annual mean / 1 calendar year","2023","10.142","ug/m3","97.81","1","Background","Suburban","-6.9317","52.8397","50.0","","","","E1a/validated data AQ e-Reporting","03/07/2025 21:59:06","https://eeadmz1batchservice02.blob.core.windows.net/airquality-p-e1a/IE/SPO.IE.IE003CPSample1_5.parquet","day"
"Ireland","NET.IE001","Ireland Air Quality e-Reporting monitoring network for compliance and informative reporting","IE008CP","Meath Navan","SPO.IE.IE008CPSample2_5","PM10","Particulate matter < 10 µm (aerosol)","P1Y","Annual mean / 1 calendar year","2023","13.169","ug/m3","100.00","1","Traffic","Suburban","-6.6893","53.6556","50.0","","","","E1a/validated data AQ e-Reporting","03/07/2025 21:59:06","https://eeadmz1batchservice02.blob.core.windows.net/airquality-p-e1a/IE/SPO.IE.IE008CPSample2_5.parquet","day"
"Ireland","NET.IE001","Ireland Air Quality e-Reporting monitoring network for compliance and informative reporting","IE004KY","Kerry Killarney","SPO.IE.IE004KYSample1_5","PM10","Particulate matter < 10 µm (aerosol)","P1Y","Annual mean / 1 calendar year","2023","8.893","ug/m3","100.00","1","Background","Suburban","-9.5049","52.0583","35.0","","","","E1a/validated data AQ e-Reporting","03/07/2025 21:59:06","https://eeadmz1batchservice02.blob.core.windows.net/airquality-p-e1a/IE/SPO.IE.IE004KYSample1_5.parquet","day"
"Ireland","NET.IE001","Ireland Air Quality e-Reporting monitoring network for compliance and informative reporting","IE010CK","Cork Cobh Carrig House","SPO.IE.IE010CKSample1_5","PM10","Particulate matter < 10 µm (aerosol)","P1Y","Annual mean / 1 calendar year","2023","11.380","ug/m3","1.37","1","Background","Suburban","-8.2974","51.8495","16.0","","","","E1a/validated data AQ e-Reporting","03/07/2025 21:59:06","https://eeadmz1batchservice02.blob.core.windows.net/airquality-p-e1a/IE/SPO.IE.IE010CKSample1_5.parquet","day"
"Ireland","NET.IE001","Ireland Air Quality e-Reporting monitoring network for compliance and informative reporting","IE001CM","Laois Portlaoise Dublin Road","SPO.IE.IE001CMSample2_5","PM10","Particulate matter < 10 µm (aerosol)","P1Y","Annual mean / 1 calendar year","2023","11.008","ug/m3","100.00","1","Background","Suburban","-7.2887","53.0361","107.0","","","","E1a/validated data AQ e-Reporting","03/07/2025 21:59:06","https://eeadmz1batchservice02.blob.core.windows.net/airquality-p-e1a/IE/SPO.IE.IE001CMSample2_5.parquet","day"
"Ireland","NET.IE001","Ireland Air Quality e-Reporting monitoring network for compliance and informative reporting","IE0147A","Kilkenny Seville Lodge","SPO.IE.IE0147ASample2_5","PM10","Particulate matter < 10 µm (aerosol)","P1Y","Annual mean / 1 calendar year","2023","13.890","ug/m3","90.41","1","Background","Suburban","-7.2681","52.6388","68.0","","","","E1a/validated data AQ e-Reporting","03/07/2025 21:59:06","https://eeadmz1batchservice02.blob.core.windows.net/airquality-p-e1a/IE/SPO.IE.IE0147ASample2_5.parquet","day"
"Ireland","NET.IE001","Ireland Air Quality e-Reporting monitoring network for compliance and informative reporting","IE012CP","Wexford Wexford Town Opera House","SPO.IE.IE012CPSample1_5","PM10","Particulate matter < 10 µm (aerosol)","P1Y","Annual mean / 1 calendar year","2023","12.742","ug/m3","100.00","1","Background","Suburban","-6.4616","52.3374","13.0","","","","E1a/validated data AQ e-Reporting","03/07/2025 21:59:06","https://eeadmz1batchservice02.blob.core.windows.net/airquality-p-e1a/IE/SPO.IE.IE012CPSample1_5.parquet","day"
"Ireland","NET.IE001","Ireland Air Quality e-Reporting monitoring network for compliance and informative reporting","IE0132A","Dublin Dun Laoghaire The Glen","SPO.IE.IE0132ASample2_5","PM10","Particulate matter < 10 µm (aerosol)","P1Y","Annual mean / 1 calendar year","2023","11.629","ug/m3","100.00","1","Background","Suburban","-6.1319","53.2858","29.0","","","","E1a/validated data AQ e-Reporting","03/07/2025 21:59:06","https://eeadmz1batchservice02.blob.core.windows.net/airquality-p-e1a/IE/SPO.IE.IE0132ASample2_5.parquet","day"
"Ireland","NET.IE001","Ireland Air Quality e-Reporting monitoring network for compliance and informative reporting","IE0136A","Dublin Tallaght Old Bawn Road","SPO.IE.IE0136ASample2_5","PM10","Particulate matter < 10 µm (aerosol)","P1Y","Annual mean / 1 calendar year","2023","11.461","ug/m3","91.78","1","Background","Suburban","-6.3588","53.2805","102.0","","","","E1a/validated data AQ e-Reporting","03/07/2025 21:59:06","https://eeadmz1batchservice02.blob.core.windows.net/airquality-p-e1a/IE/SPO.IE.IE0136ASample2_5.parquet","day"
"Ireland","NET.IE001","Ireland Air Quality e-Reporting monitoring network for compliance and informative reporting","IE0127A","Dublin Clonskeagh Road Richview","SPO.IE.IE0127ASample2_5","PM10","Particulate matter < 10 µm (aerosol)","P1Y","Annual mean / 1 calendar year","2023","10.284","ug/m3","92.33","1","Background","Suburban","-6.2353","53.3118","25.0","","","","E1a/validated data AQ e-Reporting","03/07/2025 21:59:06","https://eeadmz1batchservice02.blob.core.windows.net/airquality-p-e1a/IE/SPO.IE.IE0127ASample2_5.parquet","day"
"Ireland","NET.IE001","Ireland Air Quality e-Reporting monitoring network for compliance and informative reporting","IE007KE","Kildare Leixlip","SPO.IE.IE007KESample1_5","PM10","Particulate matter < 10 µm (aerosol)","P1Y","Annual mean / 1 calendar year","2023","10.114","ug/m3","99.73","1","Background","Suburban","-6.4867","53.3719","53.0","","","","E1a/validated data AQ e-Reporting","03/07/2025 21:59:06","https://eeadmz1batchservice02.blob.core.windows.net/airquality-p-e1a/IE/SPO.IE.IE007KESample1_5.parquet","day"
"Ireland","NET.IE001","Ireland Air Quality e-Reporting monitoring network for compliance and informative reporting","IE009DP","Offaly Birr","SPO.IE.IE009DPSample2_5","PM10","Particulate matter < 10 µm (aerosol)","P1Y","Annual mean / 1 calendar year","2023","13.095","ug/m3","100.00","1","Traffic","Suburban","-7.9085","53.0945","52.0","","","","E1a/validated data AQ e-Reporting","03/07/2025 21:59:06","https://eeadmz1batchservice02.blob.core.windows.net/airquality-p-e1a/IE/SPO.IE.IE009DPSample2_5.parquet","day"
"Ireland","NET.IE001","Ireland Air Quality e-Reporting monitoring network for compliance and informative reporting","IE011CP","Westmeath Athlone","SPO.IE.IE011CPSample1_5","PM10","Particulate matter < 10 µm (aerosol)","P1Y","Annual mean / 1 calendar year","2023","11.557","ug/m3","94.25","1","Background","Suburban","-7.9377","53.4248","40.0","","","","E1a/validated data AQ e-Reporting","03/07/2025 21:59:06","https://eeadmz1batchservice02.blob.core.windows.net/airquality-p-e1a/IE/SPO.IE.IE011CPSample1_5.parquet","day"
"Ireland","NET.IE001","Ireland Air Quality e-Reporting monitoring network for compliance and informative reporting","IE0145A","Mayo Claremorris","SPO.IE.IE0145ASample1_5","PM10","Particulate matter < 10 µm (aerosol)","P1Y","Annual mean / 1 calendar year","2023","8.074","ug/m3","100.00","1","Background","Rural","-9.0127","53.7039","44.0","","","","E1a/validated data AQ e-Reporting","03/07/2025 21:59:06","https://eeadmz1batchservice02.blob.core.windows.net/airquality-p-e1a/IE/SPO.IE.IE0145ASample1_5.parquet","day"
"Ireland","NET.IE001","Ireland Air Quality e-Reporting monitoring network for compliance and informative reporting","IE0141A","Wicklow Bray Wurzburg Road","SPO.IE.IE0141ASample2_5","PM10","Particulate matter < 10 µm (aerosol)","P1Y","Annual mean / 1 calendar year","2023","10.537","ug/m3","97.53","1","Background","Suburban","-6.1217","53.1872","47.0","","","","E1a/validated data AQ e-Reporting","03/07/2025 21:59:06","https://eeadmz1batchservice02.blob.core.windows.net/airquality-p-e1a/IE/SPO.IE.IE0141ASample2_5.parquet","day"
"Ireland","NET.IE001","Ireland Air Quality e-Reporting monitoring network for compliance and informative reporting","IE0142A","Longford Town Dublin Road Railway","SPO.IE.IE0142ASample1_5","PM10","Particulate matter < 10 µm (aerosol)","P1Y","Annual mean / 1 calendar year","2023","13.135","ug/m3","100.00","1","Traffic","Suburban","-7.7914","53.7256","48.0","","","","E1a/validated data AQ e-Reporting","03/07/2025 21:59:06","https://eeadmz1batchservice02.blob.core.windows.net/airquality-p-e1a/IE/SPO.IE.IE0142ASample1_5.parquet","day"
"Ireland","NET.IE001","Ireland Air Quality e-Reporting monitoring network for compliance and informative reporting","IE002DP","Roscommon Roscommon Town County Council Offices","SPO.IE.IE002DPSample1_5","PM10","Particulate matter < 10 µm (aerosol)","P1Y","Annual mean / 1 calendar year","2023","9.657","ug/m3","96.16","1","Background","Suburban","-8.1944","53.6294","61.0","","","","E1a/validated data AQ e-Reporting","03/07/2025 21:59:06","https://eeadmz1batchservice02.blob.core.windows.net/airquality-p-e1a/IE/SPO.IE.IE002DPSample1_5.parquet","day"
"Ireland","NET.IE001","Ireland Air Quality e-Reporting monitoring network for compliance and informative reporting","IE003WW","Wicklow Greystones","SPO.IE.IE003WWSample1_5","PM10","Particulate matter < 10 µm (aerosol)","P1Y","Annual mean / 1 calendar year","2023","10.697","ug/m3","100.00","1","Background","Suburban","-6.0703","53.1499","50.0","","","","E1a/validated data AQ e-Reporting","03/07/2025 21:59:06","https://eeadmz1batchservice02.blob.core.windows.net/airquality-p-e1a/IE/SPO.IE.IE003WWSample1_5.parquet","day"
"Ireland","NET.IE001","Ireland Air Quality e-Reporting monitoring network for compliance and informative reporting","IE008DP","Cavan Cavan Town Court House","SPO.IE.IE008DPSample1_5","PM10","Particulate matter < 10 µm (aerosol)","P1Y","Annual mean / 1 calendar year","2023","10.031","ug/m3","98.90","1","Background","Suburban","-7.3628","53.9936","56.0","","","","E1a/validated data AQ e-Reporting","03/07/2025 21:59:06","https://eeadmz1batchservice02.blob.core.windows.net/airquality-p-e1a/IE/SPO.IE.IE008DPSample1_5.parquet","day"
"Ireland","NET.IE001","Ireland Air Quality e-Reporting monitoring network for compliance and informative reporting","IE027D","Dublin Dublin Airport","SPO.IE.IE027DSample1_5","PM10","Particulate matter < 10 µm (aerosol)","P1Y","Annual mean / 1 calendar year","2023","11.868","ug/m3","95.34","1","Background","Suburban","-6.2304","53.4344","61.0","","","","E1a/validated data AQ e-Reporting","03/07/2025 21:59:06","https://eeadmz1batchservice02.blob.core.windows.net/airquality-p-e1a/IE/SPO.IE.IE027DSample1_5.parquet","day"
"Ireland","NET.IE001","Ireland Air Quality e-Reporting monitoring network for compliance and informative reporting","IE010CP","Tipperary Clonmel","SPO.IE.IE010CPSample1_5","PM10","Particulate matter < 10 µm (aerosol)","P1Y","Annual mean / 1 calendar year","2023","9.316","ug/m3","89.86","1","Background","Suburban","-7.6994","52.3547","22.0","","","","E1a/validated data AQ e-Reporting","03/07/2025 21:59:06","https://eeadmz1batchservice02.blob.core.windows.net/airquality-p-e1a/IE/SPO.IE.IE010CPSample1_5.parquet","day"
"Ireland","NET.IE001","Ireland Air Quality e-Reporting monitoring network for compliance and informative reporting","IE016CK","Cork Cork Port","SPO.IE.IE016CKSample1_5","PM10","Particulate matter < 10 µm (aerosol)","P1Y","Annual mean / 1 calendar year","2023","12.267","ug/m3","75.62","1","Background","Suburban","-8.3209","51.8306","4.0","","","","E1a/validated data AQ e-Reporting","03/07/2025 21:59:06","https://eeadmz1batchservice02.blob.core.windows.net/airquality-p-e1a/IE/SPO.IE.IE016CKSample1_5.parquet","day"
"Ireland","NET.IE001","Ireland Air Quality e-Reporting monitoring network for compliance and informative reporting","IE007DP","Cork Macroom Council Yard","SPO.IE.IE007DPSample1_5","PM10","Particulate matter < 10 µm (aerosol)","P1Y","Annual mean / 1 calendar year","2023","7.334","ug/m3","100.00","1","Background","Suburban","-8.9529","51.9047","76.0","","","","E1a/validated data AQ e-Reporting","03/07/2025 21:59:06","https://eeadmz1batchservice02.blob.core.windows.net/airquality-p-e1a/IE/SPO.IE.IE007DPSample1_5.parquet","day"
"Ireland","NET.IE001","Ireland Air Quality e-Reporting monitoring network for compliance and informative reporting","IE005OY","Offaly Edenderry","SPO.IE.IE005OYSample1_5","PM10","Particulate matter < 10 µm (aerosol)","P1Y","Annual mean / 1 calendar year","2023","16.305","ug/m3","99.45","1","Background","Suburban","-7.0475","53.3425","93.0","","","","E1a/validated data AQ e-Reporting","03/07/2025 21:59:06","https://eeadmz1batchservice02.blob.core.windows.net/airquality-p-e1a/IE/SPO.IE.IE005OYSample1_5.parquet","day"
"Ireland","NET.IE001","Ireland Air Quality e-Reporting monitoring network for compliance and informative reporting","IE004DP","Tipperary Town","SPO.IE.IE004DPSample1_5","PM10","Particulate matter < 10 µm (aerosol)","P1Y","Annual mean / 1 calendar year","2023","10.756","ug/m3","95.07","1","Background","Suburban","-8.1564","52.4792","100.0","","","","E1a/validated data AQ e-Reporting","03/07/2025 21:59:06","https://eeadmz1batchservice02.blob.core.windows.net/airquality-p-e1a/IE/SPO.IE.IE004DPSample1_5.parquet","day"
"Ireland","NET.IE001","Ireland Air Quality e-Reporting monitoring network for compliance and informative reporting","IE002LH","Louth Drogheda","SPO.IE.IE002LHSample1_5","PM10","Particulate matter < 10 µm (aerosol)","P1Y","Annual mean / 1 calendar year","2023","10.907","ug/m3","100.00","1","Background","Suburban","-6.3200","53.7322","23.0","","","","E1a/validated data AQ e-Reporting","03/07/2025 21:59:06","https://eeadmz1batchservice02.blob.core.windows.net/airquality-p-e1a/IE/SPO.IE.IE002LHSample1_5.parquet","day"
"Ireland","NET.IE001","Ireland Air Quality e-Reporting monitoring network for compliance and informative reporting","IE0140A","Dublin Swords Watery Lane","SPO.IE.IE0140ASample2_5","PM10","Particulate matter < 10 µm (aerosol)","P1Y","Annual mean / 1 calendar year","2023","9.008","ug/m3","39.73","1","Background","Suburban","-6.2235","53.4638","21.0","","","","E1a/validated data AQ e-Reporting","03/07/2025 21:59:06","https://eeadmz1batchservice02.blob.core.windows.net/airquality-p-e1a/IE/SPO.IE.IE0140ASample2_5.parquet","day"
"Ireland","NET.IE001","Ireland Air Quality e-Reporting monitoring network for compliance and informative reporting","IE015CK","Cork Airport","SPO.IE.IE015CKSample1_5","PM10","Particulate matter < 10 µm (aerosol)","P1Y","Annual mean / 1 calendar year","2023","12.061","ug/m3","67.95","1","Background","Suburban","-8.4894","51.8519","161.0","","","","E1a/validated data AQ e-Reporting","03/07/2025 21:59:06","https://eeadmz1batchservice02.blob.core.windows.net/airquality-p-e1a/IE/SPO.IE.IE015CKSample1_5.parquet","day"
"Ireland","NET.IE001","Ireland Air Quality e-Reporting monitoring network for compliance and informative reporting","IE007CP","Limerick Peoples Park","SPO.IE.IE007CPSample1_5","PM10","Particulate matter < 10 µm (aerosol)","P1Y","Annual mean / 1 calendar year","2023","11.362","ug/m3","95.62","1","Background","Urban","-8.6287","52.6586","16.0","Limerick                                                                        ","IE003C1                                           ","56980","E1a/validated data AQ e-Reporting","03/07/2025 21:59:06","https://eeadmz1batchservice02.blob.core.windows.net/airquality-p-e1a/IE/SPO.IE.IE007CPSample1_5.parquet","day"
"Ireland","NET.IE001","Ireland Air Quality e-Reporting monitoring network for compliance and informative reporting","IE012CK","Cork Mallow","SPO.IE.IE012CKSample1_5","PM10","Particulate matter < 10 µm (aerosol)","P1Y","Annual mean / 1 calendar year","2023","10.501","ug/m3","99.18","1","Background","Suburban","-8.6407","52.1340","49.0","","","","E1a/validated data AQ e-Reporting","03/07/2025 21:59:06","https://eeadmz1batchservice02.blob.core.windows.net/airquality-p-e1a/IE/SPO.IE.IE012CKSample1_5.parquet","day"
"Ireland","NET.IE001","Ireland Air Quality e-Reporting monitoring network for compliance and informative reporting","IE0137A","Clare Ennis Drumbiggle Road","SPO.IE.IE0137ASample2_5","PM10","Particulate matter < 10 µm (aerosol)","P1Y","Annual mean / 1 calendar year","2023","16.364","ug/m3","100.00","1","Background","Suburban","-8.9893","52.8432","5.0","","","","E1a/validated data AQ e-Reporting","03/07/2025 21:59:06","https://eeadmz1batchservice02.blob.core.windows.net/airquality-p-e1a/IE/SPO.IE.IE0137ASample2_5.parquet","day"
"Ireland","NET.IE001","Ireland Air Quality e-Reporting monitoring network for compliance and informative reporting","IE0030D","Dublin Lucan","SPO.IE.IE0030DSample2_5","PM10","Particulate matter < 10 µm (aerosol)","P1Y","Annual mean / 1 calendar year","2023","12.356","ug/m3","89.59","1","Traffic","Suburban","-6.4503","53.3492","50.0","","","","E1a/validated data AQ e-Reporting","03/07/2025 21:59:06","https://eeadmz1batchservice02.blob.core.windows.net/airquality-p-e1a/IE/SPO.IE.IE0030DSample2_5.parquet","day"
"Ireland","NET.IE001","Ireland Air Quality e-Reporting monitoring network for compliance and informative reporting","IE0131A","Dublin Blanchardstown River Road","SPO.IE.IE0131ASample2_5","PM10","Particulate matter < 10 µm (aerosol)","P1Y","Annual mean / 1 calendar year","2023","13.305","ug/m3","95.89","1","Traffic","Suburban","-6.3699","53.3856","51.0","","","","E1a/validated data AQ e-Reporting","03/07/2025 21:59:06","https://eeadmz1batchservice02.blob.core.windows.net/airquality-p-e1a/IE/SPO.IE.IE0131ASample2_5.parquet","day"
"Ireland","NET.IE001","Ireland Air Quality e-Reporting monitoring network for compliance and informative reporting","IE006CP","Donegal Letterkenny Library","SPO.IE.IE006CPSample2_5","PM10","Particulate matter < 10 µm (aerosol)","P1Y","Annual mean / 1 calendar year","2023","13.427","ug/m3","98.90","1","Background","Suburban","-7.7352","54.9545","48.0","","","","E1a/validated data AQ e-Reporting","03/07/2025 21:59:06","https://eeadmz1batchservice02.blob.core.windows.net/airquality-p-e1a/IE/SPO.IE.IE006CPSample2_5.parquet","day"
"Ireland","NET.IE001","Ireland Air Quality e-Reporting monitoring network for compliance and informative reporting","IE0108A","Limerick Shannon Estuary Asketon","SPO.IE.IE0108ASample2_5","PM10","Particulate matter < 10 µm (aerosol)","P1Y","Annual mean / 1 calendar year","2023","8.391","ug/m3","97.81","1","Industrial","Rural","-8.9542","52.6392","18.0","","","","E1a/validated data AQ e-Reporting","03/07/2025 21:59:06","https://eeadmz1batchservice02.blob.core.windows.net/airquality-p-e1a/IE/SPO.IE.IE0108ASample2_5.parquet","day"
"Ireland","NET.IE001","Ireland Air Quality e-Reporting monitoring network for compliance and informative reporting","IE008GY","Galway Ballinalsoe","SPO.IE.IE008GYSample1_5","PM10","Particulate matter < 10 µm (aerosol)","P1Y","Annual mean / 1 calendar year","2023","13.744","ug/m3","41.92","1","Background","Suburban","-8.2241","53.3287","44.0","","","","E1a/validated data AQ e-Reporting","03/07/2025 21:59:06","https://eeadmz1batchservice02.blob.core.windows.net/airquality-p-e1a/IE/SPO.IE.IE008GYSample1_5.parquet","day"
"Ireland","NET.IE001","Ireland Air Quality e-Reporting monitoring network for compliance and informative reporting","IE001LM","Leitrim Carrick-on-Shannon","SPO.IE.IE001LMSample1_5","PM10","Particulate matter < 10 µm (aerosol)","P1Y","Annual mean / 1 calendar year","2023","8.907","ug/m3","98.36","1","Background","Suburban","-8.0865","53.9446","16.0","","","","E1a/validated data AQ e-Reporting","03/07/2025 21:59:06","https://eeadmz1batchservice02.blob.core.windows.net/airquality-p-e1a/IE/SPO.IE.IE001LMSample1_5.parquet","day"
"Ireland","NET.IE001","Ireland Air Quality e-Reporting monitoring network for compliance and informative reporting","IE007GY","Galway Eyre Square","SPO.IE.IE007GYSample1_5","PM10","Particulate matter < 10 µm (aerosol)","P1Y","Annual mean / 1 calendar year","2023","14.669","ug/m3","7.12","1","Traffic","Urban","-9.0485","53.2740","12.0","Galway                                                                          ","IE004C1                                           ","73963","E1a/validated data AQ e-Reporting","03/07/2025 21:59:06","https://eeadmz1batchservice02.blob.core.windows.net/airquality-p-e1a/IE/SPO.IE.IE007GYSample1_5.parquet","day"
"Ireland","NET.IE001","Ireland Air Quality e-Reporting monitoring network for compliance and informative reporting","IE002CM","Louth Dundalk Meadow Grove","SPO.IE.IE002CMSample2_5","PM10","Particulate matter < 10 µm (aerosol)","P1Y","Annual mean / 1 calendar year","2023","13.217","ug/m3","79.45","1","Background","Suburban","-6.3926","54.0031","1.0","","","","E1a/validated data AQ e-Reporting","03/07/2025 21:59:06","https://eeadmz1batchservice02.blob.core.windows.net/airquality-p-e1a/IE/SPO.IE.IE002CMSample2_5.parquet","day"
"Ireland","NET.IE001","Ireland Air Quality e-Reporting monitoring network for compliance and informative reporting","IE001DM","Wexford Enniscorthy Parnell Road","SPO.IE.IE001DMSample2_5","PM10","Particulate matter < 10 µm (aerosol)","P1Y","Annual mean / 1 calendar year","2023","13.338","ug/m3","100.00","1","Background","Suburban","-6.5708","52.4985","30.0","","","","E1a/validated data AQ e-Reporting","03/07/2025 21:59:06","https://eeadmz1batchservice02.blob.core.windows.net/airquality-p-e1a/IE/SPO.IE.IE001DMSample2_5.parquet","day"
"Ireland","NET.IE001","Ireland Air Quality e-Reporting monitoring network for compliance and informative reporting","IE006AP","Dublin Pearse St.","SPO.IE.IE006APSample2_5","PM10","Particulate matter < 10 µm (aerosol)","P1Y","Annual mean / 1 calendar year","2023","14.398","ug/m3","92.33","1","Traffic","Urban","-6.2543","53.3450","11.0","Dublin                                                                          ","IE001C1                                           ","516255","E1a/validated data AQ e-Reporting","03/07/2025 21:59:06","https://eeadmz1batchservice02.blob.core.windows.net/airquality-p-e1a/IE/SPO.IE.IE006APSample2_5.parquet","day"
"Ireland","NET.IE001","Ireland Air Quality e-Reporting monitoring network for compliance and informative reporting","IE028D","Dublin Dublin Port","SPO.IE.IE028DSample1_5","PM10","Particulate matter < 10 µm (aerosol)","P1Y","Annual mean / 1 calendar year","2023","15.376","ug/m3","100.00","1","Traffic","Urban","-6.2039","53.3527","4.0","Dublin                                                                          ","IE001C1                                           ","516255","E1a/validated data AQ e-Reporting","03/07/2025 21:59:06","https://eeadmz1batchservice02.blob.core.windows.net/airquality-p-e1a/IE/SPO.IE.IE028DSample1_5.parquet","day"
"Ireland","NET.IE001","Ireland Air Quality e-Reporting monitoring network for compliance and informative reporting","IE005AP","Dublin Kilmainham St. John's Road West","SPO.IE.IE005APSample1_5","PM10","Particulate matter < 10 µm (aerosol)","P1Y","Annual mean / 1 calendar year","2023","11.854","ug/m3","98.08","1","Traffic","Urban","-6.2948","53.3458","7.0","Dublin                                                                          ","IE001C1                                           ","516255","E1a/validated data AQ e-Reporting","03/07/2025 21:59:06","https://eeadmz1batchservice02.blob.core.windows.net/airquality-p-e1a/IE/SPO.IE.IE005APSample1_5.parquet","day"
"Ireland","NET.IE001","Ireland Air Quality e-Reporting monitoring network for compliance and informative reporting","IE001WD","Wateford Merchants Quay","SPO.IE.IE001WDSample2_5","PM10","Particulate matter < 10 µm (aerosol)","P1Y","Annual mean / 1 calendar year","2023","14.042","ug/m3","83.29","1","Traffic","Urban","-7.1179","52.2638","5.0","Waterford                                                                       ","IE005C1                                           ","46583","E1a/validated data AQ e-Reporting","03/07/2025 21:59:06","https://eeadmz1batchservice02.blob.core.windows.net/airquality-p-e1a/IE/SPO.IE.IE001WDSample2_5.parquet","day"
"Ireland","NET.IE001","Ireland Air Quality e-Reporting monitoring network for compliance and informative reporting","IE013CK","Cork Lower Glanmire Road","SPO.IE.IE013CKSample1_5","PM10","Particulate matter < 10 µm (aerosol)","P1Y","Annual mean / 1 calendar year","2023","13.163","ug/m3","70.14","1","Traffic","Urban","-8.4621","51.9017","10.0","Cork                                                                            ","IE002C1                                           ","118713","E1a/validated data AQ e-Reporting","03/07/2025 21:59:06","https://eeadmz1batchservice02.blob.core.windows.net/airquality-p-e1a/IE/SPO.IE.IE013CKSample1_5.parquet","day"
"Ireland","NET.IE001","Ireland Air Quality e-Reporting monitoring network for compliance and informative reporting","IE0028A","Dublin Rathmines Wynnefield Road","SPO.IE.IE0028ASample2_5","PM10","Particulate matter < 10 µm (aerosol)","P1Y","Annual mean / 1 calendar year","2023","15.126","ug/m3","97.26","1","Background","Urban","-6.2672","53.3220","27.0","Dublin                                                                          ","IE001C1                                           ","516255","E1a/validated data AQ e-Reporting","03/07/2025 21:59:06","https://eeadmz1batchservice02.blob.core.windows.net/airquality-p-e1a/IE/SPO.IE.IE0028ASample2_5.parquet","day"
"Ireland","NET.IE001","Ireland Air Quality e-Reporting monitoring network for compliance and informative reporting","IE0095A","Dublin Phoenix Park Ordnance Survey Road","SPO.IE.IE0095ASample1_5","PM10","Particulate matter < 10 µm (aerosol)","P1Y","Annual mean / 1 calendar year","2024","9.953","ug/m3","89.81","2","Background","Suburban","-6.3490","53.3644","35.0","Dublin                                                                          ","IE001C1                                           ","516255","E2a/UTD AQ e-Reporting","03/07/2025 21:59:06","",""
"Ireland","NET.IE001","Ireland Air Quality e-Reporting monitoring network for compliance and informative reporting","IE004AP","Dublin Ringsend recycling Centre","SPO.IE.IE004APSample2_5","PM10","Particulate matter < 10 µm (aerosol)","P1Y","Annual mean / 1 calendar year","2024","15.543","ug/m3","99.25","2","Traffic","Urban","-6.2141","53.3419","4.0","Dublin                                                                          ","IE001C1                                           ","516255","E2a/UTD AQ e-Reporting","03/07/2025 21:59:06","",""
"Ireland","NET.IE001","Ireland Air Quality e-Reporting monitoring network for compliance and informative reporting","IE005CP","Waterford Waterford City Paddy Brownes Road","SPO.IE.IE005CPSample1_5","PM10","Particulate matter < 10 µm (aerosol)","P1Y","Annual mean / 1 calendar year","2024","11.529","ug/m3","95.49","2","Background","Suburban","-7.1516","52.2471","21.0","Waterford                                                                       ","IE005C1                                           ","46583","E2a/UTD AQ e-Reporting","03/07/2025 21:59:06","",""
"Ireland","NET.IE001","Ireland Air Quality e-Reporting monitoring network for compliance and informative reporting","IE007CP","Limerick Peoples Park","SPO.IE.IE007CPSample1_5","PM10","Particulate matter < 10 µm (aerosol)","P1Y","Annual mean / 1 calendar year","2024","12.250","ug/m3","92.99","2","Background","Urban","-8.6287","52.6586","16.0","Limerick                                                                        ","IE003C1                                           ","56980","E2a/UTD AQ e-Reporting","03/07/2025 21:59:06","",""
"Ireland","NET.IE001","Ireland Air Quality e-Reporting monitoring network for compliance and informative reporting","IE002AP","Dublin Raheny Saint Anne's Park","SPO.IE.IE002APSample1_5","PM10","Particulate matter < 10 µm (aerosol)","P1Y","Annual mean / 1 calendar year","2024","10.678","ug/m3","84.55","2","Background","Suburban","-6.1726","53.3688","10.0","Dublin                                                                          ","IE001C1                                           ","516255","E2a/UTD AQ e-Reporting","03/07/2025 21:59:06","",""
"Ireland","NET.IE001","Ireland Air Quality e-Reporting monitoring network for compliance and informative reporting","IE009GY","Galway Briarhill","SPO.IE.IE009GYSample2_5","PM10","Particulate matter < 10 µm (aerosol)","P1Y","Annual mean / 1 calendar year","2024","12.150","ug/m3","81.15","2","Traffic","Suburban","-8.9870","53.2921","45.0","Galway                                                                          ","IE004C1                                           ","73963","E2a/UTD AQ e-Reporting","03/07/2025 21:59:06","",""
"Ireland","NET.IE001","Ireland Air Quality e-Reporting monitoring network for compliance and informative reporting","IE001AP","Dublin Inchicore Davitt Road","SPO.IE.IE001APSample1_5","PM10","Particulate matter < 10 µm (aerosol)","P1Y","Annual mean / 1 calendar year","2024","17.177","ug/m3","95.25","2","Traffic","Suburban","-6.3090","53.3363","10.0","Dublin                                                                          ","IE001C1                                           ","516255","E2a/UTD AQ e-Reporting","03/07/2025 21:59:06","",""
"Ireland","NET.IE001","Ireland Air Quality e-Reporting monitoring network for compliance and informative reporting","IE0036A","Dublin Ballyfermot Library","SPO.IE.IE0036ASample2_5","PM10","Particulate matter < 10 µm (aerosol)","P1Y","Annual mean / 1 calendar year","2024","11.634","ug/m3","93.99","2","Background","Suburban","-6.3523","53.3405","43.0","Dublin                                                                          ","IE001C1                                           ","516255","E2a/UTD AQ e-Reporting","03/07/2025 21:59:06","",""
"Ireland","NET.IE001","Ireland Air Quality e-Reporting monitoring network for compliance and informative reporting","IE005AP","Dublin Kilmainham St. John's Road West","SPO.IE.IE005APSample1_5","PM10","Particulate matter < 10 µm (aerosol)","P1Y","Annual mean / 1 calendar year","2024","13.337","ug/m3","95.56","2","Traffic","Urban","-6.2948","53.3458","7.0","Dublin                                                                          ","IE001C1                                           ","516255","E2a/UTD AQ e-Reporting","03/07/2025 21:59:06","",""
"Ireland","NET.IE001","Ireland Air Quality e-Reporting monitoring network for compliance and informative reporting","IE0028A","Dublin Rathmines Wynnefield Road","SPO.IE.IE0028ASample2_5","PM10","Particulate matter < 10 µm (aerosol)","P1Y","Annual mean / 1 calendar year","2024","11.975","ug/m3","79.45","2","Background","Urban","-6.2672","53.3220","27.0","Dublin                                                                          ","IE001C1                                           ","516255","E2a/UTD AQ e-Reporting","03/07/2025 21:59:06","",""
"Ireland","NET.IE001","Ireland Air Quality e-Reporting monitoring network for compliance and informative reporting","IE001BP","Cork South Link Road Landfill","SPO.IE.IE001BPSample2_5","PM10","Particulate matter < 10 µm (aerosol)","P1Y","Annual mean / 1 calendar year","2024","","ug/m3","0.00","3","Traffic","Suburban","-8.4750","51.9111","12.0","Cork                                                                            ","IE002C1                                           ","118713","E2a/UTD AQ e-Reporting","03/07/2025 21:59:06","",""
"Ireland","NET.IE001","Ireland Air Quality e-Reporting monitoring network for compliance and informative reporting","IE001WD","Wateford Merchants Quay","SPO.IE.IE001WDSample2_5","PM10","Particulate matter < 10 µm (aerosol)","P1Y","Annual mean / 1 calendar year","2024","14.010","ug/m3","93.17","2","Traffic","Urban","-7.1179","52.2638","5.0","Waterford                                                                       ","IE005C1                                           ","46583","E2a/UTD AQ e-Reporting","03/07/2025 21:59:06","",""
"Ireland","NET.IE001","Ireland Air Quality e-Reporting monitoring network for compliance and informative reporting","IE002BP","Cork Bishopstown MTU","SPO.IE.IE002BPSample2_5","PM10","Particulate matter < 10 µm (aerosol)","P1Y","Annual mean / 1 calendar year","2024","11.282","ug/m3","98.37","2","Background","Suburban","-8.5330","51.8841","21.0","Cork                                                                            ","IE002C1                                           ","118713","E2a/UTD AQ e-Reporting","03/07/2025 21:59:06","",""
"Ireland","NET.IE001","Ireland Air Quality e-Reporting monitoring network for compliance and informative reporting","IE003AP","Dublin Finglas Mellowes Road","SPO.IE.IE003APSample1_5","PM10","Particulate matter < 10 µm (aerosol)","P1Y","Annual mean / 1 calendar year","2024","11.255","ug/m3","98.03","2","Background","Suburban","-6.3053","53.3903","64.0","Dublin                                                                          ","IE001C1                                           ","516255","E2a/UTD AQ e-Reporting","03/07/2025 21:59:06","",""
"Ireland","NET.IE001","Ireland Air Quality e-Reporting monitoring network for compliance and informative reporting","IE028D","Dublin Dublin Port","SPO.IE.IE028DSample1_5","PM10","Particulate matter < 10 µm (aerosol)","P1Y","Annual mean / 1 calendar year","2024","14.788","ug/m3","99.87","2","Traffic","Urban","-6.2039","53.3527","4.0","Dublin                                                                          ","IE001C1                                           ","516255","E2a/UTD AQ e-Reporting","03/07/2025 21:59:06","",""
"Ireland","NET.IE001","Ireland Air Quality e-Reporting monitoring network for compliance and informative reporting","IE0106A","Dublin Marino Brian Road","SPO.IE.IE0106ASample1_5","PM10","Particulate matter < 10 µm (aerosol)","P1Y","Annual mean / 1 calendar year","2024","12.214","ug/m3","95.94","2","Background","Suburban","-6.2279","53.3682","14.0","Dublin                                                                          ","IE001C1                                           ","516255","E2a/UTD AQ e-Reporting","03/07/2025 21:59:06","",""
"Ireland","NET.IE001","Ireland Air Quality e-Reporting monitoring network for compliance and informative reporting","IE007GY","Galway Eyre Square","SPO.IE.IE007GYSample1_5","PM10","Particulate matter < 10 µm (aerosol)","P1Y","Annual mean / 1 calendar year","2024","13.441","ug/m3","100.00","2","Traffic","Urban","-9.0485","53.2740","12.0","Galway                                                                          ","IE004C1                                           ","73963","E2a/UTD AQ e-Reporting","03/07/2025 21:59:06","",""
"Ireland","NET.IE001","Ireland Air Quality e-Reporting monitoring network for compliance and informative reporting","IE010LK","Limerick Henry Street","SPO.IE.IE010LKSample1_5","PM10","Particulate matter < 10 µm (aerosol)","P1Y","Annual mean / 1 calendar year","2024","11.977","ug/m3","99.17","2","Traffic","Urban","-8.6316","52.6613","10.0","Limerick                                                                        ","IE003C1                                           ","56980","E2a/UTD AQ e-Reporting","03/07/2025 21:59:06","",""
"Ireland","NET.IE001","Ireland Air Quality e-Reporting monitoring network for compliance and informative reporting","IE006AP","Dublin Pearse St.","SPO.IE.IE006APSample2_5","PM10","Particulate matter < 10 µm (aerosol)","P1Y","Annual mean / 1 calendar year","2024","14.529","ug/m3","97.73","2","Traffic","Urban","-6.2543","53.3450","11.0","Dublin                                                                          ","IE001C1                                           ","516255","E2a/UTD AQ e-Reporting","03/07/2025 21:59:06","",""
"Ireland","NET.IE001","Ireland Air Quality e-Reporting monitoring network for compliance and informative reporting","IE013CK","Cork Lower Glanmire Road","SPO.IE.IE013CKSample1_5","PM10","Particulate matter < 10 µm (aerosol)","P1Y","Annual mean / 1 calendar year","2024","13.787","ug/m3","99.86","2","Traffic","Urban","-8.4621","51.9017","10.0","Cork                                                                            ","IE002C1                                           ","118713","E2a/UTD AQ e-Reporting","03/07/2025 21:59:06","",""
"Ireland","NET.IE001","Ireland Air Quality e-Reporting monitoring network for compliance and informative reporting","IE0110A","Cork Ballinlough Heatherton Park","SPO.IE.IE0110ASample1_5","PM10","Particulate matter < 10 µm (aerosol)","P1Y","Annual mean / 1 calendar year","2024","11.224","ug/m3","86.36","2","Background","Suburban","-8.4571","51.8819","4.0","Cork                                                                            ","IE002C1                                           ","118713","E2a/UTD AQ e-Reporting","03/07/2025 21:59:06","",""
"Ireland","NET.IE001","Ireland Air Quality e-Reporting monitoring network for compliance and informative reporting","IE001LM","Leitrim Carrick-on-Shannon","SPO.IE.IE001LMSample1_5","PM10","Particulate matter < 10 µm (aerosol)","P1Y","Annual mean / 1 calendar year","2024","9.552","ug/m3","99.73","2","Background","Suburban","-8.0865","53.9446","16.0","","","","E2a/UTD AQ e-Reporting","03/07/2025 21:59:06","",""
"Ireland","NET.IE001","Ireland Air Quality e-Reporting monitoring network for compliance and informative reporting","IE001DP","Donegal Malin Head","SPO.IE.IE001DPSample2_5","PM10","Particulate matter < 10 µm (aerosol)","P1Y","Annual mean / 1 calendar year","2024","13.329","ug/m3","95.64","2","Background","Rural","-7.3389","55.3722","25.0","","","","E2a/UTD AQ e-Reporting","03/07/2025 21:59:06","",""
"Ireland","NET.IE001","Ireland Air Quality e-Reporting monitoring network for compliance and informative reporting","IE016CK","Cork Cork Port","SPO.IE.IE016CKSample1_5","PM10","Particulate matter < 10 µm (aerosol)","P1Y","Annual mean / 1 calendar year","2024","11.433","ug/m3","99.89","2","Background","Suburban","-8.3209","51.8306","4.0","","","","E2a/UTD AQ e-Reporting","03/07/2025 21:59:06","",""
"Ireland","NET.IE001","Ireland Air Quality e-Reporting monitoring network for compliance and informative reporting","IE002CM","Louth Dundalk Meadow Grove","SPO.IE.IE002CMSample2_5","PM10","Particulate matter < 10 µm (aerosol)","P1Y","Annual mean / 1 calendar year","2024","12.077","ug/m3","88.54","2","Background","Suburban","-6.3926","54.0031","1.0","","","","E2a/UTD AQ e-Reporting","03/07/2025 21:59:06","",""
"Ireland","NET.IE001","Ireland Air Quality e-Reporting monitoring network for compliance and informative reporting","IE006KE","Kildare Naas","SPO.IE.IE006KESample1_5","PM10","Particulate matter < 10 µm (aerosol)","P1Y","Annual mean / 1 calendar year","2024","11.013","ug/m3","94.33","2","Background","Suburban","-6.6591","53.2181","95.0","","","","E2a/UTD AQ e-Reporting","03/07/2025 21:59:06","",""
"Ireland","NET.IE001","Ireland Air Quality e-Reporting monitoring network for compliance and informative reporting","IE004DP","Tipperary Town","SPO.IE.IE004DPSample1_5","PM10","Particulate matter < 10 µm (aerosol)","P1Y","Annual mean / 1 calendar year","2024","10.648","ug/m3","95.87","2","Background","Suburban","-8.1564","52.4792","100.0","","","","E2a/UTD AQ e-Reporting","03/07/2025 21:59:06","",""
"Ireland","NET.IE001","Ireland Air Quality e-Reporting monitoring network for compliance and informative reporting","IE004KY","Kerry Killarney","SPO.IE.IE004KYSample1_5","PM10","Particulate matter < 10 µm (aerosol)","P1Y","Annual mean / 1 calendar year","2024","11.314","ug/m3","99.95","2","Background","Suburban","-9.5049","52.0583","35.0","","","","E2a/UTD AQ e-Reporting","03/07/2025 21:59:06","",""
"Ireland","NET.IE001","Ireland Air Quality e-Reporting monitoring network for compliance and informative reporting","IE011CP","Westmeath Athlone","SPO.IE.IE011CPSample1_5","PM10","Particulate matter < 10 µm (aerosol)","P1Y","Annual mean / 1 calendar year","2024","11.797","ug/m3","97.38","2","Background","Suburban","-7.9377","53.4248","40.0","","","","E2a/UTD AQ e-Reporting","03/07/2025 21:59:06","",""
"Ireland","NET.IE001","Ireland Air Quality e-Reporting monitoring network for compliance and informative reporting","IE007DP","Cork Macroom Council Yard","SPO.IE.IE007DPSample1_5","PM10","Particulate matter < 10 µm (aerosol)","P1Y","Annual mean / 1 calendar year","2024","11.892","ug/m3","99.80","2","Background","Suburban","-8.9529","51.9047","76.0","","","","E2a/UTD AQ e-Reporting","03/07/2025 21:59:06","",""
"Ireland","NET.IE001","Ireland Air Quality e-Reporting monitoring network for compliance and informative reporting","IE010CK","Cork Cobh Carrig House","SPO.IE.IE010CKSample1_5","PM10","Particulate matter < 10 µm (aerosol)","P1Y","Annual mean / 1 calendar year","2024","","ug/m3","0.00","3","Background","Suburban","-8.2974","51.8495","16.0","","","","E2a/UTD AQ e-Reporting","03/07/2025 21:59:06","",""
"Ireland","NET.IE001","Ireland Air Quality e-Reporting monitoring network for compliance and informative reporting","IE0030D","Dublin Lucan","SPO.IE.IE0030DSample2_5","PM10","Particulate matter < 10 µm (aerosol)","P1Y","Annual mean / 1 calendar year","2024","13.151","ug/m3","99.98","2","Traffic","Suburban","-6.4503","53.3492","50.0","","","","E2a/UTD AQ e-Reporting","03/07/2025 21:59:06","",""
"Ireland","NET.IE001","Ireland Air Quality e-Reporting monitoring network for compliance and informative reporting","IE008GY","Galway Ballinalsoe","SPO.IE.IE008GYSample1_5","PM10","Particulate matter < 10 µm (aerosol)","P1Y","Annual mean / 1 calendar year","2024","12.689","ug/m3","87.15","2","Background","Suburban","-8.2241","53.3287","44.0","","","","E2a/UTD AQ e-Reporting","03/07/2025 21:59:06","",""
"Ireland","NET.IE001","Ireland Air Quality e-Reporting monitoring network for compliance and informative reporting","IE008DP","Cavan Cavan Town Court House","SPO.IE.IE008DPSample1_5","PM10","Particulate matter < 10 µm (aerosol)","P1Y","Annual mean / 1 calendar year","2024","10.410","ug/m3","95.00","2","Background","Suburban","-7.3628","53.9936","56.0","","","","E2a/UTD AQ e-Reporting","03/07/2025 21:59:06","",""
"Ireland","NET.IE001","Ireland Air Quality e-Reporting monitoring network for compliance and informative reporting","IE012CK","Cork Mallow","SPO.IE.IE012CKSample1_5","PM10","Particulate matter < 10 µm (aerosol)","P1Y","Annual mean / 1 calendar year","2024","9.950","ug/m3","98.25","2","Background","Suburban","-8.6407","52.1340","49.0","","","","E2a/UTD AQ e-Reporting","03/07/2025 21:59:06","",""
"Ireland","NET.IE001","Ireland Air Quality e-Reporting monitoring network for compliance and informative reporting","IE0137A","Clare Ennis Drumbiggle Road","SPO.IE.IE0137ASample2_5","PM10","Particulate matter < 10 µm (aerosol)","P1Y","Annual mean / 1 calendar year","2024","16.020","ug/m3","97.59","2","Background","Suburban","-8.9893","52.8432","5.0","","","","E2a/UTD AQ e-Reporting","03/07/2025 21:59:06","",""
"Ireland","NET.IE001","Ireland Air Quality e-Reporting monitoring network for compliance and informative reporting","IE002LH","Louth Drogheda","SPO.IE.IE002LHSample1_5","PM10","Particulate matter < 10 µm (aerosol)","P1Y","Annual mean / 1 calendar year","2024","11.916","ug/m3","98.60","2","Background","Suburban","-6.3200","53.7322","23.0","","","","E2a/UTD AQ e-Reporting","03/07/2025 21:59:06","",""
"Ireland","NET.IE001","Ireland Air Quality e-Reporting monitoring network for compliance and informative reporting","IE003WW","Wicklow Greystones","SPO.IE.IE003WWSample1_5","PM10","Particulate matter < 10 µm (aerosol)","P1Y","Annual mean / 1 calendar year","2024","10.638","ug/m3","99.97","2","Background","Suburban","-6.0703","53.1499","50.0","","","","E2a/UTD AQ e-Reporting","03/07/2025 21:59:06","",""
"Ireland","NET.IE001","Ireland Air Quality e-Reporting monitoring network for compliance and informative reporting","IE009DP","Offaly Birr","SPO.IE.IE009DPSample2_5","PM10","Particulate matter < 10 µm (aerosol)","P1Y","Annual mean / 1 calendar year","2024","12.979","ug/m3","89.31","2","Traffic","Suburban","-7.9085","53.0945","52.0","","","","E2a/UTD AQ e-Reporting","03/07/2025 21:59:06","",""
"Ireland","NET.IE001","Ireland Air Quality e-Reporting monitoring network for compliance and informative reporting","IE005OY","Offaly Edenderry","SPO.IE.IE005OYSample1_5","PM10","Particulate matter < 10 µm (aerosol)","P1Y","Annual mean / 1 calendar year","2024","15.537","ug/m3","99.44","2","Background","Suburban","-7.0475","53.3425","93.0","","","","E2a/UTD AQ e-Reporting","03/07/2025 21:59:06","",""
"Ireland","NET.IE001","Ireland Air Quality e-Reporting monitoring network for compliance and informative reporting","IE007KE","Kildare Leixlip","SPO.IE.IE007KESample1_5","PM10","Particulate matter < 10 µm (aerosol)","P1Y","Annual mean / 1 calendar year","2024","10.182","ug/m3","99.98","2","Background","Suburban","-6.4867","53.3719","53.0","","","","E2a/UTD AQ e-Reporting","03/07/2025 21:59:06","",""
"Ireland","NET.IE001","Ireland Air Quality e-Reporting monitoring network for compliance and informative reporting","IE0132A","Dublin Dun Laoghaire The Glen","SPO.IE.IE0132ASample2_5","PM10","Particulate matter < 10 µm (aerosol)","P1Y","Annual mean / 1 calendar year","2024","11.954","ug/m3","87.03","2","Background","Suburban","-6.1319","53.2858","29.0","","","","E2a/UTD AQ e-Reporting","03/07/2025 21:59:06","",""
"Ireland","NET.IE001","Ireland Air Quality e-Reporting monitoring network for compliance and informative reporting","IE009CP","Kerry Tralee Library","SPO.IE.IE009CPSample1_5","PM10","Particulate matter < 10 µm (aerosol)","P1Y","Annual mean / 1 calendar year","2024","15.232","ug/m3","99.99","2","Background","Suburban","-9.6979","52.2673","8.0","","","","E2a/UTD AQ e-Reporting","03/07/2025 21:59:06","",""
"Ireland","NET.IE001","Ireland Air Quality e-Reporting monitoring network for compliance and informative reporting","IE0145A","Mayo Claremorris","SPO.IE.IE0145ASample1_5","PM10","Particulate matter < 10 µm (aerosol)","P1Y","Annual mean / 1 calendar year","2024","8.286","ug/m3","97.24","2","Background","Rural","-9.0127","53.7039","44.0","","","","E2a/UTD AQ e-Reporting","03/07/2025 21:59:06","",""
"Ireland","NET.IE001","Ireland Air Quality e-Reporting monitoring network for compliance and informative reporting","IE0142A","Longford Town Dublin Road Railway","SPO.IE.IE0142ASample1_5","PM10","Particulate matter < 10 µm (aerosol)","P1Y","Annual mean / 1 calendar year","2024","15.693","ug/m3","98.67","2","Traffic","Suburban","-7.7914","53.7256","48.0","","","","E2a/UTD AQ e-Reporting","03/07/2025 21:59:06","",""
"Ireland","NET.IE001","Ireland Air Quality e-Reporting monitoring network for compliance and informative reporting","IE0131A","Dublin Blanchardstown River Road","SPO.IE.IE0131ASample2_5","PM10","Particulate matter < 10 µm (aerosol)","P1Y","Annual mean / 1 calendar year","2024","14.352","ug/m3","99.02","2","Traffic","Suburban","-6.3699","53.3856","51.0","","","","E2a/UTD AQ e-Reporting","03/07/2025 21:59:06","",""
"Ireland","NET.IE001","Ireland Air Quality e-Reporting monitoring network for compliance and informative reporting","IE003CP","Carlow Carlow Town County Council Offices","SPO.IE.IE003CPSample1_5","PM10","Particulate matter < 10 µm (aerosol)","P1Y","Annual mean / 1 calendar year","2024","11.443","ug/m3","87.25","2","Background","Suburban","-6.9317","52.8397","50.0","","","","E2a/UTD AQ e-Reporting","03/07/2025 21:59:06","",""
"Ireland","NET.IE001","Ireland Air Quality e-Reporting monitoring network for compliance and informative reporting","IE012CP","Wexford Wexford Town Opera House","SPO.IE.IE012CPSample1_5","PM10","Particulate matter < 10 µm (aerosol)","P1Y","Annual mean / 1 calendar year","2024","13.416","ug/m3","99.97","2","Background","Suburban","-6.4616","52.3374","13.0","","","","E2a/UTD AQ e-Reporting","03/07/2025 21:59:06","",""
"Ireland","NET.IE001","Ireland Air Quality e-Reporting monitoring network for compliance and informative reporting","IE002DP","Roscommon Roscommon Town County Council Offices","SPO.IE.IE002DPSample1_5","PM10","Particulate matter < 10 µm (aerosol)","P1Y","Annual mean / 1 calendar year","2024","9.815","ug/m3","67.81","2","Background","Suburban","-8.1944","53.6294","61.0","","","","E2a/UTD AQ e-Reporting","03/07/2025 21:59:06","",""
"Ireland","NET.IE001","Ireland Air Quality e-Reporting monitoring network for compliance and informative reporting","IE0127A","Dublin Clonskeagh Road Richview","SPO.IE.IE0127ASample2_5","PM10","Particulate matter < 10 µm (aerosol)","P1Y","Annual mean / 1 calendar year","2024","11.518","ug/m3","99.78","2","Background","Suburban","-6.2353","53.3118","25.0","","","","E2a/UTD AQ e-Reporting","03/07/2025 21:59:06","",""
"Ireland","NET.IE001","Ireland Air Quality e-Reporting monitoring network for compliance and informative reporting","IE006CP","Donegal Letterkenny Library","SPO.IE.IE006CPSample2_5","PM10","Particulate matter < 10 µm (aerosol)","P1Y","Annual mean / 1 calendar year","2024","14.245","ug/m3","96.63","2","Background","Suburban","-7.7352","54.9545","48.0","","","","E2a/UTD AQ e-Reporting","03/07/2025 21:59:06","",""
"Ireland","NET.IE001","Ireland Air Quality e-Reporting monitoring network for compliance and informative reporting","IE010CP","Tipperary Clonmel","SPO.IE.IE010CPSample1_5","PM10","Particulate matter < 10 µm (aerosol)","P1Y","Annual mean / 1 calendar year","2024","10.067","ug/m3","88.54","2","Background","Suburban","-7.6994","52.3547","22.0","","","","E2a/UTD AQ e-Reporting","03/07/2025 21:59:06","",""
"Ireland","NET.IE001","Ireland Air Quality e-Reporting monitoring network for compliance and informative reporting","IE0140A","Dublin Swords Watery Lane","SPO.IE.IE0140ASample2_5","PM10","Particulate matter < 10 µm (aerosol)","P1Y","Annual mean / 1 calendar year","2024","10.242","ug/m3","99.84","2","Background","Suburban","-6.2235","53.4638","21.0","","","","E2a/UTD AQ e-Reporting","03/07/2025 21:59:06","",""
"Ireland","NET.IE001","Ireland Air Quality e-Reporting monitoring network for compliance and informative reporting","IE001DM","Wexford Enniscorthy Parnell Road","SPO.IE.IE001DMSample2_5","PM10","Particulate matter < 10 µm (aerosol)","P1Y","Annual mean / 1 calendar year","2024","14.948","ug/m3","32.45","2","Background","Suburban","-6.5708","52.4985","30.0","","","","E2a/UTD AQ e-Reporting","03/07/2025 21:59:06","",""
"Ireland","NET.IE001","Ireland Air Quality e-Reporting monitoring network for compliance and informative reporting","IE005DP","Cork Cobh Carrignafoy","SPO.IE.IE005DPSample1_5","PM10","Particulate matter < 10 µm (aerosol)","P1Y","Annual mean / 1 calendar year","2024","11.546","ug/m3","97.97","2","Background","Suburban","-8.2878","51.8550","79.0","","","","E2a/UTD AQ e-Reporting","03/07/2025 21:59:06","",""
"Ireland","NET.IE001","Ireland Air Quality e-Reporting monitoring network for compliance and informative reporting","IE0108A","Limerick Shannon Estuary Asketon","SPO.IE.IE0108ASample2_5","PM10","Particulate matter < 10 µm (aerosol)","P1Y","Annual mean / 1 calendar year","2024","8.355","ug/m3","98.60","2","Industrial","Rural","-8.9542","52.6392","18.0","","","","E2a/UTD AQ e-Reporting","03/07/2025 21:59:06","",""
"Ireland","NET.IE001","Ireland Air Quality e-Reporting monitoring network for compliance and informative reporting","IE008CP","Meath Navan","SPO.IE.IE008CPSample2_5","PM10","Particulate matter < 10 µm (aerosol)","P1Y","Annual mean / 1 calendar year","2024","13.546","ug/m3","99.69","2","Traffic","Suburban","-6.6893","53.6556","50.0","","","","E2a/UTD AQ e-Reporting","03/07/2025 21:59:06","",""
"Ireland","NET.IE001","Ireland Air Quality e-Reporting monitoring network for compliance and informative reporting","IE0118A","Mayo Castlebar John Moore Road","SPO.IE.IE0118ASample2_5","PM10","Particulate matter < 10 µm (aerosol)","P1Y","Annual mean / 1 calendar year","2024","13.351","ug/m3","94.25","2","Background","Suburban","-9.2997","53.8511","41.0","","","","E2a/UTD AQ e-Reporting","03/07/2025 21:59:06","",""
"Ireland","NET.IE001","Ireland Air Quality e-Reporting monitoring network for compliance and informative reporting","IE027D","Dublin Dublin Airport","SPO.IE.IE027DSample1_5","PM10","Particulate matter < 10 µm (aerosol)","P1Y","Annual mean / 1 calendar year","2024","12.207","ug/m3","59.38","2","Background","Suburban","-6.2304","53.4344","61.0","","","","E2a/UTD AQ e-Reporting","03/07/2025 21:59:06","",""
"Ireland","NET.IE001","Ireland Air Quality e-Reporting monitoring network for compliance and informative reporting","IE0141A","Wicklow Bray Wurzburg Road","SPO.IE.IE0141ASample2_5","PM10","Particulate matter < 10 µm (aerosol)","P1Y","Annual mean / 1 calendar year","2024","9.202","ug/m3","84.80","2","Background","Suburban","-6.1217","53.1872","47.0","","","","E2a/UTD AQ e-Reporting","03/07/2025 21:59:06","",""
"Ireland","NET.IE001","Ireland Air Quality e-Reporting monitoring network for compliance and informative reporting","IE015CK","Cork Airport","SPO.IE.IE015CKSample1_5","PM10","Particulate matter < 10 µm (aerosol)","P1Y","Annual mean / 1 calendar year","2024","9.803","ug/m3","82.57","2","Background","Suburban","-8.4894","51.8519","161.0","","","","E2a/UTD AQ e-Reporting","03/07/2025 21:59:06","",""
"Ireland","NET.IE001","Ireland Air Quality e-Reporting monitoring network for compliance and informative reporting","IE0136A","Dublin Tallaght Old Bawn Road","SPO.IE.IE0136ASample2_5","PM10","Particulate matter < 10 µm (aerosol)","P1Y","Annual mean / 1 calendar year","2024","10.300","ug/m3","96.56","2","Background","Suburban","-6.3588","53.2805","102.0","","","","E2a/UTD AQ e-Reporting","03/07/2025 21:59:06","",""
"Ireland","NET.IE001","Ireland Air Quality e-Reporting monitoring network for compliance and informative reporting","IE001CM","Laois Portlaoise Dublin Road","SPO.IE.IE001CMSample2_5","PM10","Particulate matter < 10 µm (aerosol)","P1Y","Annual mean / 1 calendar year","2024","11.557","ug/m3","99.36","2","Background","Suburban","-7.2887","53.0361","107.0","","","","E2a/UTD AQ e-Reporting","03/07/2025 21:59:06","",""
"Ireland","NET.IE001","Ireland Air Quality e-Reporting monitoring network for compliance and informative reporting","IE001WD","Wateford Merchants Quay","SPO.IE.IE001WDSample2_5","PM10","Particulate matter < 10 µm (aerosol)","P1Y","Annual mean / 1 calendar year","2025","14.772","ug/m3","50.26","2","Traffic","Urban","-7.1179","52.2638","5.0","Waterford                                                                       ","IE005C1                                           ","46583","E2a/UTD AQ e-Reporting","03/07/2025 21:59:06","",""
"Ireland","NET.IE001","Ireland Air Quality e-Reporting monitoring network for compliance and informative reporting","IE004AP","Dublin Ringsend recycling Centre","SPO.IE.IE004APSample2_5","PM10","Particulate matter < 10 µm (aerosol)","P1Y","Annual mean / 1 calendar year","2025","19.871","ug/m3","49.90","2","Traffic","Urban","-6.2141","53.3419","4.0","Dublin                                                                          ","IE001C1                                           ","516255","E2a/UTD AQ e-Reporting","03/07/2025 21:59:06","",""
"Ireland","NET.IE001","Ireland Air Quality e-Reporting monitoring network for compliance and informative reporting","IE001AP","Dublin Inchicore Davitt Road","SPO.IE.IE001APSample1_5","PM10","Particulate matter < 10 µm (aerosol)","P1Y","Annual mean / 1 calendar year","2025","18.736","ug/m3","7.72","2","Traffic","Suburban","-6.3090","53.3363","10.0","Dublin                                                                          ","IE001C1                                           ","516255","E2a/UTD AQ e-Reporting","03/07/2025 21:59:06","",""
"Ireland","NET.IE001","Ireland Air Quality e-Reporting monitoring network for compliance and informative reporting","IE0028A","Dublin Rathmines Wynnefield Road","SPO.IE.IE0028ASample2_5","PM10","Particulate matter < 10 µm (aerosol)","P1Y","Annual mean / 1 calendar year","2025","14.273","ug/m3","43.18","2","Background","Urban","-6.2672","53.3220","27.0","Dublin                                                                          ","IE001C1                                           ","516255","E2a/UTD AQ e-Reporting","03/07/2025 21:59:06","",""
"Ireland","NET.IE001","Ireland Air Quality e-Reporting monitoring network for compliance and informative reporting","IE0106A","Dublin Marino Brian Road","SPO.IE.IE0106ASample1_5","PM10","Particulate matter < 10 µm (aerosol)","P1Y","Annual mean / 1 calendar year","2025","15.027","ug/m3","7.75","2","Background","Suburban","-6.2279","53.3682","14.0","Dublin                                                                          ","IE001C1                                           ","516255","E2a/UTD AQ e-Reporting","03/07/2025 21:59:06","",""
"Ireland","NET.IE001","Ireland Air Quality e-Reporting monitoring network for compliance and informative reporting","IE002AP","Dublin Raheny Saint Anne's Park","SPO.IE.IE002APSample1_5","PM10","Particulate matter < 10 µm (aerosol)","P1Y","Annual mean / 1 calendar year","2025","12.551","ug/m3","49.97","2","Background","Suburban","-6.1726","53.3688","10.0","Dublin                                                                          ","IE001C1                                           ","516255","E2a/UTD AQ e-Reporting","03/07/2025 21:59:06","",""
"Ireland","NET.IE001","Ireland Air Quality e-Reporting monitoring network for compliance and informative reporting","IE010LK","Limerick Henry Street","SPO.IE.IE010LKSample1_5","PM10","Particulate matter < 10 µm (aerosol)","P1Y","Annual mean / 1 calendar year","2025","12.968","ug/m3","50.26","2","Traffic","Urban","-8.6316","52.6613","10.0","Limerick                                                                        ","IE003C1                                           ","56980","E2a/UTD AQ e-Reporting","03/07/2025 21:59:06","",""
"Ireland","NET.IE001","Ireland Air Quality e-Reporting monitoring network for compliance and informative reporting","IE003AP","Dublin Finglas Mellowes Road","SPO.IE.IE003APSample1_5","PM10","Particulate matter < 10 µm (aerosol)","P1Y","Annual mean / 1 calendar year","2025","11.520","ug/m3","7.74","2","Background","Suburban","-6.3053","53.3903","64.0","Dublin                                                                          ","IE001C1                                           ","516255","E2a/UTD AQ e-Reporting","03/07/2025 21:59:06","",""
"Ireland","NET.IE001","Ireland Air Quality e-Reporting monitoring network for compliance and informative reporting","IE028D","Dublin Dublin Port","SPO.IE.IE028DSample1_5","PM10","Particulate matter < 10 µm (aerosol)","P1Y","Annual mean / 1 calendar year","2025","13.894","ug/m3","7.75","2","Traffic","Urban","-6.2039","53.3527","4.0","Dublin                                                                          ","IE001C1                                           ","516255","E2a/UTD AQ e-Reporting","03/07/2025 21:59:06","",""
"Ireland","NET.IE001","Ireland Air Quality e-Reporting monitoring network for compliance and informative reporting","IE005CP","Waterford Waterford City Paddy Brownes Road","SPO.IE.IE005CPSample1_5","PM10","Particulate matter < 10 µm (aerosol)","P1Y","Annual mean / 1 calendar year","2025","16.725","ug/m3","43.01","2","Background","Suburban","-7.1516","52.2471","21.0","Waterford                                                                       ","IE005C1                                           ","46583","E2a/UTD AQ e-Reporting","03/07/2025 21:59:06","",""
"Ireland","NET.IE001","Ireland Air Quality e-Reporting monitoring network for compliance and informative reporting","IE0098A","Dublin Winetavern Street","SPO.IE.IE0098ASample2_5","PM10","Particulate matter < 10 µm (aerosol)","P1Y","Annual mean / 1 calendar year","2025","5.880","ug/m3","3.07","2","Traffic","Urban","-6.2889","53.3417","9.0","Dublin                                                                          ","IE001C1                                           ","516255","E2a/UTD AQ e-Reporting","03/07/2025 21:59:06","",""
"Ireland","NET.IE001","Ireland Air Quality e-Reporting monitoring network for compliance and informative reporting","IE009GY","Galway Briarhill","SPO.IE.IE009GYSample2_5","PM10","Particulate matter < 10 µm (aerosol)","P1Y","Annual mean / 1 calendar year","2025","12.892","ug/m3","46.30","2","Traffic","Suburban","-8.9870","53.2921","45.0","Galway                                                                          ","IE004C1                                           ","73963","E2a/UTD AQ e-Reporting","03/07/2025 21:59:06","",""
"Ireland","NET.IE001","Ireland Air Quality e-Reporting monitoring network for compliance and informative reporting","IE0036A","Dublin Ballyfermot Library","SPO.IE.IE0036ASample2_5","PM10","Particulate matter < 10 µm (aerosol)","P1Y","Annual mean / 1 calendar year","2025","12.779","ug/m3","7.73","2","Background","Suburban","-6.3523","53.3405","43.0","Dublin                                                                          ","IE001C1                                           ","516255","E2a/UTD AQ e-Reporting","03/07/2025 21:59:06","",""
"Ireland","NET.IE001","Ireland Air Quality e-Reporting monitoring network for compliance and informative reporting","IE0095A","Dublin Phoenix Park Ordnance Survey Road","SPO.IE.IE0095ASample1_5","PM10","Particulate matter < 10 µm (aerosol)","P1Y","Annual mean / 1 calendar year","2025","9.656","ug/m3","7.75","2","Background","Suburban","-6.3490","53.3644","35.0","Dublin                                                                          ","IE001C1                                           ","516255","E2a/UTD AQ e-Reporting","03/07/2025 21:59:06","",""
"Ireland","NET.IE001","Ireland Air Quality e-Reporting monitoring network for compliance and informative reporting","IE007GY","Galway Eyre Square","SPO.IE.IE007GYSample1_5","PM10","Particulate matter < 10 µm (aerosol)","P1Y","Annual mean / 1 calendar year","2025","16.013","ug/m3","46.39","2","Traffic","Urban","-9.0485","53.2740","12.0","Galway                                                                          ","IE004C1                                           ","73963","E2a/UTD AQ e-Reporting","03/07/2025 21:59:06","",""
"Ireland","NET.IE001","Ireland Air Quality e-Reporting monitoring network for compliance and informative reporting","IE007CP","Limerick Peoples Park","SPO.IE.IE007CPSample1_5","PM10","Particulate matter < 10 µm (aerosol)","P1Y","Annual mean / 1 calendar year","2025","12.942","ug/m3","50.00","2","Background","Urban","-8.6287","52.6586","16.0","Limerick                                                                        ","IE003C1                                           ","56980","E2a/UTD AQ e-Reporting","03/07/2025 21:59:06","",""
"Ireland","NET.IE001","Ireland Air Quality e-Reporting monitoring network for compliance and informative reporting","IE013CK","Cork Lower Glanmire Road","SPO.IE.IE013CKSample1_5","PM10","Particulate matter < 10 µm (aerosol)","P1Y","Annual mean / 1 calendar year","2025","16.316","ug/m3","45.65","2","Traffic","Urban","-8.4621","51.9017","10.0","Cork                                                                            ","IE002C1                                           ","118713","E2a/UTD AQ e-Reporting","03/07/2025 21:59:06","",""
"Ireland","NET.IE001","Ireland Air Quality e-Reporting monitoring network for compliance and informative reporting","IE005AP","Dublin Kilmainham St. John's Road West","SPO.IE.IE005APSample1_5","PM10","Particulate matter < 10 µm (aerosol)","P1Y","Annual mean / 1 calendar year","2025","13.908","ug/m3","7.72","2","Traffic","Urban","-6.2948","53.3458","7.0","Dublin                                                                          ","IE001C1                                           ","516255","E2a/UTD AQ e-Reporting","03/07/2025 21:59:06","",""
"Ireland","NET.IE001","Ireland Air Quality e-Reporting monitoring network for compliance and informative reporting","IE002BP","Cork Bishopstown MTU","SPO.IE.IE002BPSample2_5","PM10","Particulate matter < 10 µm (aerosol)","P1Y","Annual mean / 1 calendar year","2025","15.078","ug/m3","50.27","2","Background","Suburban","-8.5330","51.8841","21.0","Cork                                                                            ","IE002C1                                           ","118713","E2a/UTD AQ e-Reporting","03/07/2025 21:59:06","",""
"Ireland","NET.IE001","Ireland Air Quality e-Reporting monitoring network for compliance and informative reporting","IE0110A","Cork Ballinlough Heatherton Park","SPO.IE.IE0110ASample1_5","PM10","Particulate matter < 10 µm (aerosol)","P1Y","Annual mean / 1 calendar year","2025","12.852","ug/m3","49.43","2","Background","Suburban","-8.4571","51.8819","4.0","Cork                                                                            ","IE002C1                                           ","118713","E2a/UTD AQ e-Reporting","03/07/2025 21:59:06","",""
"Ireland","NET.IE001","Ireland Air Quality e-Reporting monitoring network for compliance and informative reporting","IE001BP","Cork South Link Road Landfill","SPO.IE.IE001BPSample2_5","PM10","Particulate matter < 10 µm (aerosol)","P1Y","Annual mean / 1 calendar year","2025","","ug/m3","0.00","3","Traffic","Suburban","-8.4750","51.9111","12.0","Cork                                                                            ","IE002C1                                           ","118713","E2a/UTD AQ e-Reporting","03/07/2025 21:59:06","",""
"Ireland","NET.IE001","Ireland Air Quality e-Reporting monitoring network for compliance and informative reporting","IE006AP","Dublin Pearse St.","SPO.IE.IE006APSample2_5","PM10","Particulate matter < 10 µm (aerosol)","P1Y","Annual mean / 1 calendar year","2025","16.605","ug/m3","49.37","2","Traffic","Urban","-6.2543","53.3450","11.0","Dublin                                                                          ","IE001C1                                           ","516255","E2a/UTD AQ e-Reporting","03/07/2025 21:59:06","",""
"Ireland","NET.IE001","Ireland Air Quality e-Reporting monitoring network for compliance and informative reporting","IE0132A","Dublin Dun Laoghaire The Glen","SPO.IE.IE0132ASample2_5","PM10","Particulate matter < 10 µm (aerosol)","P1Y","Annual mean / 1 calendar year","2025","14.192","ug/m3","49.34","2","Background","Suburban","-6.1319","53.2858","29.0","","","","E2a/UTD AQ e-Reporting","03/07/2025 21:59:06","",""
"Ireland","NET.IE001","Ireland Air Quality e-Reporting monitoring network for compliance and informative reporting","IE002SO","Sligo Sligo Town","SPO.IE.IE002SOSample2_5","PM10","Particulate matter < 10 µm (aerosol)","P1Y","Annual mean / 1 calendar year","2025","8.966","ug/m3","3.09","2","Traffic","Suburban","-8.4804","54.2673","24.0","","","","E2a/UTD AQ e-Reporting","03/07/2025 21:59:06","",""
"Ireland","NET.IE001","Ireland Air Quality e-Reporting monitoring network for compliance and informative reporting","IE008DP","Cavan Cavan Town Court House","SPO.IE.IE008DPSample1_5","PM10","Particulate matter < 10 µm (aerosol)","P1Y","Annual mean / 1 calendar year","2025","12.163","ug/m3","50.30","2","Background","Suburban","-7.3628","53.9936","56.0","","","","E2a/UTD AQ e-Reporting","03/07/2025 21:59:06","",""
"Ireland","NET.IE001","Ireland Air Quality e-Reporting monitoring network for compliance and informative reporting","IE001DP","Donegal Malin Head","SPO.IE.IE001DPSample2_5","PM10","Particulate matter < 10 µm (aerosol)","P1Y","Annual mean / 1 calendar year","2025","15.161","ug/m3","49.25","2","Background","Rural","-7.3389","55.3722","25.0","","","","E2a/UTD AQ e-Reporting","03/07/2025 21:59:06","",""
"Ireland","NET.IE001","Ireland Air Quality e-Reporting monitoring network for compliance and informative reporting","IE0108A","Limerick Shannon Estuary Asketon","SPO.IE.IE0108ASample2_5","PM10","Particulate matter < 10 µm (aerosol)","P1Y","Annual mean / 1 calendar year","2025","9.209","ug/m3","50.16","2","Industrial","Rural","-8.9542","52.6392","18.0","","","","E2a/UTD AQ e-Reporting","03/07/2025 21:59:06","",""
"Ireland","NET.IE001","Ireland Air Quality e-Reporting monitoring network for compliance and informative reporting","IE009CP","Kerry Tralee Library","SPO.IE.IE009CPSample1_5","PM10","Particulate matter < 10 µm (aerosol)","P1Y","Annual mean / 1 calendar year","2025","16.435","ug/m3","42.26","2","Background","Suburban","-9.6979","52.2673","8.0","","","","E2a/UTD AQ e-Reporting","03/07/2025 21:59:06","",""
"Ireland","NET.IE001","Ireland Air Quality e-Reporting monitoring network for compliance and informative reporting","IE003CP","Carlow Carlow Town County Council Offices","SPO.IE.IE003CPSample1_5","PM10","Particulate matter < 10 µm (aerosol)","P1Y","Annual mean / 1 calendar year","2025","13.270","ug/m3","50.00","2","Background","Suburban","-6.9317","52.8397","50.0","","","","E2a/UTD AQ e-Reporting","03/07/2025 21:59:06","",""
"Ireland","NET.IE001","Ireland Air Quality e-Reporting monitoring network for compliance and informative reporting","IE006KE","Kildare Naas","SPO.IE.IE006KESample1_5","PM10","Particulate matter < 10 µm (aerosol)","P1Y","Annual mean / 1 calendar year","2025","12.956","ug/m3","50.31","2","Background","Suburban","-6.6591","53.2181","95.0","","","","E2a/UTD AQ e-Reporting","03/07/2025 21:59:06","",""
"Ireland","NET.IE001","Ireland Air Quality e-Reporting monitoring network for compliance and informative reporting","IE001LM","Leitrim Carrick-on-Shannon","SPO.IE.IE001LMSample1_5","PM10","Particulate matter < 10 µm (aerosol)","P1Y","Annual mean / 1 calendar year","2025","11.716","ug/m3","50.15","2","Background","Suburban","-8.0865","53.9446","16.0","","","","E2a/UTD AQ e-Reporting","03/07/2025 21:59:06","",""
"Ireland","NET.IE001","Ireland Air Quality e-Reporting monitoring network for compliance and informative reporting","IE002LH","Louth Drogheda","SPO.IE.IE002LHSample1_5","PM10","Particulate matter < 10 µm (aerosol)","P1Y","Annual mean / 1 calendar year","2025","16.307","ug/m3","50.27","2","Background","Suburban","-6.3200","53.7322","23.0","","","","E2a/UTD AQ e-Reporting","03/07/2025 21:59:06","",""
"Ireland","NET.IE001","Ireland Air Quality e-Reporting monitoring network for compliance and informative reporting","IE002DP","Roscommon Roscommon Town County Council Offices","SPO.IE.IE002DPSample1_5","PM10","Particulate matter < 10 µm (aerosol)","P1Y","Annual mean / 1 calendar year","2025","12.838","ug/m3","49.26","2","Background","Suburban","-8.1944","53.6294","61.0","","","","E2a/UTD AQ e-Reporting","03/07/2025 21:59:06","",""
"Ireland","NET.IE001","Ireland Air Quality e-Reporting monitoring network for compliance and informative reporting","IE001DM","Wexford Enniscorthy Parnell Road","SPO.IE.IE001DMSample2_5","PM10","Particulate matter < 10 µm (aerosol)","P1Y","Annual mean / 1 calendar year","2025","15.890","ug/m3","47.01","2","Background","Suburban","-6.5708","52.4985","30.0","","","","E2a/UTD AQ e-Reporting","03/07/2025 21:59:06","",""
"Ireland","NET.IE001","Ireland Air Quality e-Reporting monitoring network for compliance and informative reporting","IE004KY","Kerry Killarney","SPO.IE.IE004KYSample1_5","PM10","Particulate matter < 10 µm (aerosol)","P1Y","Annual mean / 1 calendar year","2025","12.818","ug/m3","49.53","2","Background","Suburban","-9.5049","52.0583","35.0","","","","E2a/UTD AQ e-Reporting","03/07/2025 21:59:06","",""
"Ireland","NET.IE001","Ireland Air Quality e-Reporting monitoring network for compliance and informative reporting","IE003WW","Wicklow Greystones","SPO.IE.IE003WWSample1_5","PM10","Particulate matter < 10 µm (aerosol)","P1Y","Annual mean / 1 calendar year","2025","12.303","ug/m3","50.30","2","Background","Suburban","-6.0703","53.1499","50.0","","","","E2a/UTD AQ e-Reporting","03/07/2025 21:59:06","",""
"Ireland","NET.IE001","Ireland Air Quality e-Reporting monitoring network for compliance and informative reporting","IE0145A","Mayo Claremorris","SPO.IE.IE0145ASample1_5","PM10","Particulate matter < 10 µm (aerosol)","P1Y","Annual mean / 1 calendar year","2025","9.956","ug/m3","48.16","2","Background","Rural","-9.0127","53.7039","44.0","","","","E2a/UTD AQ e-Reporting","03/07/2025 21:59:06","",""
"Ireland","NET.IE001","Ireland Air Quality e-Reporting monitoring network for compliance and informative reporting","IE008GY","Galway Ballinalsoe","SPO.IE.IE008GYSample1_5","PM10","Particulate matter < 10 µm (aerosol)","P1Y","Annual mean / 1 calendar year","2025","14.935","ug/m3","43.50","2","Background","Suburban","-8.2241","53.3287","44.0","","","","E2a/UTD AQ e-Reporting","03/07/2025 21:59:06","",""
"Ireland","NET.IE001","Ireland Air Quality e-Reporting monitoring network for compliance and informative reporting","IE0140A","Dublin Swords Watery Lane","SPO.IE.IE0140ASample2_5","PM10","Particulate matter < 10 µm (aerosol)","P1Y","Annual mean / 1 calendar year","2025","13.238","ug/m3","49.98","2","Background","Suburban","-6.2235","53.4638","21.0","","","","E2a/UTD AQ e-Reporting","03/07/2025 21:59:06","",""
"Ireland","NET.IE001","Ireland Air Quality e-Reporting monitoring network for compliance and informative reporting","IE0030D","Dublin Lucan","SPO.IE.IE0030DSample2_5","PM10","Particulate matter < 10 µm (aerosol)","P1Y","Annual mean / 1 calendar year","2025","16.839","ug/m3","50.29","2","Traffic","Suburban","-6.4503","53.3492","50.0","","","","E2a/UTD AQ e-Reporting","03/07/2025 21:59:06","",""
"Ireland","NET.IE001","Ireland Air Quality e-Reporting monitoring network for compliance and informative reporting","IE0137A","Clare Ennis Drumbiggle Road","SPO.IE.IE0137ASample2_5","PM10","Particulate matter < 10 µm (aerosol)","P1Y","Annual mean / 1 calendar year","2025","17.717","ug/m3","50.01","2","Background","Suburban","-8.9893","52.8432","5.0","","","","E2a/UTD AQ e-Reporting","03/07/2025 21:59:06","",""
"Ireland","NET.IE001","Ireland Air Quality e-Reporting monitoring network for compliance and informative reporting","IE001CM","Laois Portlaoise Dublin Road","SPO.IE.IE001CMSample2_5","PM10","Particulate matter < 10 µm (aerosol)","P1Y","Annual mean / 1 calendar year","2025","13.669","ug/m3","49.91","2","Background","Suburban","-7.2887","53.0361","107.0","","","","E2a/UTD AQ e-Reporting","03/07/2025 21:59:06","",""
"Ireland","NET.IE001","Ireland Air Quality e-Reporting monitoring network for compliance and informative reporting","IE009DP","Offaly Birr","SPO.IE.IE009DPSample2_5","PM10","Particulate matter < 10 µm (aerosol)","P1Y","Annual mean / 1 calendar year","2025","15.629","ug/m3","35.91","2","Traffic","Suburban","-7.9085","53.0945","52.0","","","","E2a/UTD AQ e-Reporting","03/07/2025 21:59:06","",""
"Ireland","NET.IE001","Ireland Air Quality e-Reporting monitoring network for compliance and informative reporting","IE004DP","Tipperary Town","SPO.IE.IE004DPSample1_5","PM10","Particulate matter < 10 µm (aerosol)","P1Y","Annual mean / 1 calendar year","2025","16.071","ug/m3","50.31","2","Background","Suburban","-8.1564","52.4792","100.0","","","","E2a/UTD AQ e-Reporting","03/07/2025 21:59:06","",""
"Ireland","NET.IE001","Ireland Air Quality e-Reporting monitoring network for compliance and informative reporting","IE0142A","Longford Town Dublin Road Railway","SPO.IE.IE0142ASample1_5","PM10","Particulate matter < 10 µm (aerosol)","P1Y","Annual mean / 1 calendar year","2025","14.320","ug/m3","49.90","2","Traffic","Suburban","-7.7914","53.7256","48.0","","","","E2a/UTD AQ e-Reporting","03/07/2025 21:59:06","",""
"Ireland","NET.IE001","Ireland Air Quality e-Reporting monitoring network for compliance and informative reporting","IE008CP","Meath Navan","SPO.IE.IE008CPSample2_5","PM10","Particulate matter < 10 µm (aerosol)","P1Y","Annual mean / 1 calendar year","2025","16.406","ug/m3","50.23","2","Traffic","Suburban","-6.6893","53.6556","50.0","","","","E2a/UTD AQ e-Reporting","03/07/2025 21:59:06","",""
"Ireland","NET.IE001","Ireland Air Quality e-Reporting monitoring network for compliance and informative reporting","IE005OY","Offaly Edenderry","SPO.IE.IE005OYSample1_5","PM10","Particulate matter < 10 µm (aerosol)","P1Y","Annual mean / 1 calendar year","2025","16.494","ug/m3","50.26","2","Background","Suburban","-7.0475","53.3425","93.0","","","","E2a/UTD AQ e-Reporting","03/07/2025 21:59:06","",""
"Ireland","NET.IE001","Ireland Air Quality e-Reporting monitoring network for compliance and informative reporting","IE027D","Dublin Dublin Airport","SPO.IE.IE027DSample1_5","PM10","Particulate matter < 10 µm (aerosol)","P1Y","Annual mean / 1 calendar year","2025","14.079","ug/m3","44.42","2","Background","Suburban","-6.2304","53.4344","61.0","","","","E2a/UTD AQ e-Reporting","03/07/2025 21:59:06","",""
"Ireland","NET.IE001","Ireland Air Quality e-Reporting monitoring network for compliance and informative reporting","IE0131A","Dublin Blanchardstown River Road","SPO.IE.IE0131ASample2_5","PM10","Particulate matter < 10 µm (aerosol)","P1Y","Annual mean / 1 calendar year","2025","14.335","ug/m3","50.02","2","Traffic","Suburban","-6.3699","53.3856","51.0","","","","E2a/UTD AQ e-Reporting","03/07/2025 21:59:06","",""
"Ireland","NET.IE001","Ireland Air Quality e-Reporting monitoring network for compliance and informative reporting","IE010CK","Cork Cobh Carrig House","SPO.IE.IE010CKSample1_5","PM10","Particulate matter < 10 µm (aerosol)","P1Y","Annual mean / 1 calendar year","2025","","ug/m3","0.00","3","Background","Suburban","-8.2974","51.8495","16.0","","","","E2a/UTD AQ e-Reporting","03/07/2025 21:59:06","",""
"Ireland","NET.IE001","Ireland Air Quality e-Reporting monitoring network for compliance and informative reporting","IE006CP","Donegal Letterkenny Library","SPO.IE.IE006CPSample2_5","PM10","Particulate matter < 10 µm (aerosol)","P1Y","Annual mean / 1 calendar year","2025","14.611","ug/m3","48.23","2","Background","Suburban","-7.7352","54.9545","48.0","","","","E2a/UTD AQ e-Reporting","03/07/2025 21:59:06","",""
"Ireland","NET.IE001","Ireland Air Quality e-Reporting monitoring network for compliance and informative reporting","IE015CK","Cork Airport","SPO.IE.IE015CKSample1_5","PM10","Particulate matter < 10 µm (aerosol)","P1Y","Annual mean / 1 calendar year","2025","10.922","ug/m3","25.34","2","Background","Suburban","-8.4894","51.8519","161.0","","","","E2a/UTD AQ e-Reporting","03/07/2025 21:59:06","",""
"Ireland","NET.IE001","Ireland Air Quality e-Reporting monitoring network for compliance and informative reporting","IE016CK","Cork Cork Port","SPO.IE.IE016CKSample1_5","PM10","Particulate matter < 10 µm (aerosol)","P1Y","Annual mean / 1 calendar year","2025","","ug/m3","0.00","3","Background","Suburban","-8.3209","51.8306","4.0","","","","E2a/UTD AQ e-Reporting","03/07/2025 21:59:06","",""
"Ireland","NET.IE001","Ireland Air Quality e-Reporting monitoring network for compliance and informative reporting","IE0141A","Wicklow Bray Wurzburg Road","SPO.IE.IE0141ASample2_5","PM10","Particulate matter < 10 µm (aerosol)","P1Y","Annual mean / 1 calendar year","2025","11.138","ug/m3","47.34","2","Background","Suburban","-6.1217","53.1872","47.0","","","","E2a/UTD AQ e-Reporting","03/07/2025 21:59:06","",""
"Ireland","NET.IE001","Ireland Air Quality e-Reporting monitoring network for compliance and informative reporting","IE012CK","Cork Mallow","SPO.IE.IE012CKSample1_5","PM10","Particulate matter < 10 µm (aerosol)","P1Y","Annual mean / 1 calendar year","2025","11.616","ug/m3","50.25","2","Background","Suburban","-8.6407","52.1340","49.0","","","","E2a/UTD AQ e-Reporting","03/07/2025 21:59:06","",""
"Ireland","NET.IE001","Ireland Air Quality e-Reporting monitoring network for compliance and informative reporting","IE011CP","Westmeath Athlone","SPO.IE.IE011CPSample1_5","PM10","Particulate matter < 10 µm (aerosol)","P1Y","Annual mean / 1 calendar year","2025","12.449","ug/m3","47.81","2","Background","Suburban","-7.9377","53.4248","40.0","","","","E2a/UTD AQ e-Reporting","03/07/2025 21:59:06","",""
"Ireland","NET.IE001","Ireland Air Quality e-Reporting monitoring network for compliance and informative reporting","IE012CP","Wexford Wexford Town Opera House","SPO.IE.IE012CPSample1_5","PM10","Particulate matter < 10 µm (aerosol)","P1Y","Annual mean / 1 calendar year","2025","16.420","ug/m3","48.92","2","Background","Suburban","-6.4616","52.3374","13.0","","","","E2a/UTD AQ e-Reporting","03/07/2025 21:59:06","",""
"Ireland","NET.IE001","Ireland Air Quality e-Reporting monitoring network for compliance and informative reporting","IE0118A","Mayo Castlebar John Moore Road","SPO.IE.IE0118ASample2_5","PM10","Particulate matter < 10 µm (aerosol)","P1Y","Annual mean / 1 calendar year","2025","14.863","ug/m3","32.26","2","Background","Suburban","-9.2997","53.8511","41.0","","","","E2a/UTD AQ e-Reporting","03/07/2025 21:59:06","",""
"Ireland","NET.IE001","Ireland Air Quality e-Reporting monitoring network for compliance and informative reporting","IE0127A","Dublin Clonskeagh Road Richview","SPO.IE.IE0127ASample2_5","PM10","Particulate matter < 10 µm (aerosol)","P1Y","Annual mean / 1 calendar year","2025","13.470","ug/m3","50.30","2","Background","Suburban","-6.2353","53.3118","25.0","","","","E2a/UTD AQ e-Reporting","03/07/2025 21:59:06","",""
"Ireland","NET.IE001","Ireland Air Quality e-Reporting monitoring network for compliance and informative reporting","IE002CM","Louth Dundalk Meadow Grove","SPO.IE.IE002CMSample2_5","PM10","Particulate matter < 10 µm (aerosol)","P1Y","Annual mean / 1 calendar year","2025","15.228","ug/m3","45.73","2","Background","Suburban","-6.3926","54.0031","1.0","","","","E2a/UTD AQ e-Reporting","03/07/2025 21:59:06","",""
"Ireland","NET.IE001","Ireland Air Quality e-Reporting monitoring network for compliance and informative reporting","IE0029D","Dublin Amiens Street","SPO.IE.IE0029DSample2_5","PM10","Particulate matter < 10 µm (aerosol)","P1Y","Annual mean / 1 calendar year","2025","9.062","ug/m3","3.08","2","Traffic","Urban","-6.2490","53.3524","3.0","","","","E2a/UTD AQ e-Reporting","03/07/2025 21:59:06","",""
"Ireland","NET.IE001","Ireland Air Quality e-Reporting monitoring network for compliance and informative reporting","IE007KE","Kildare Leixlip","SPO.IE.IE007KESample1_5","PM10","Particulate matter < 10 µm (aerosol)","P1Y","Annual mean / 1 calendar year","2025","12.822","ug/m3","50.14","2","Background","Suburban","-6.4867","53.3719","53.0","","","","E2a/UTD AQ e-Reporting","03/07/2025 21:59:06","",""
"Ireland","NET.IE001","Ireland Air Quality e-Reporting monitoring network for compliance and informative reporting","IE005DP","Cork Cobh Carrignafoy","SPO.IE.IE005DPSample1_5","PM10","Particulate matter < 10 µm (aerosol)","P1Y","Annual mean / 1 calendar year","2025","13.445","ug/m3","42.63","2","Background","Suburban","-8.2878","51.8550","79.0","","","","E2a/UTD AQ e-Reporting","03/07/2025 21:59:06","",""
"Ireland","NET.IE001","Ireland Air Quality e-Reporting monitoring network for compliance and informative reporting","IE007DP","Cork Macroom Council Yard","SPO.IE.IE007DPSample1_5","PM10","Particulate matter < 10 µm (aerosol)","P1Y","Annual mean / 1 calendar year","2025","15.266","ug/m3","50.22","2","Background","Suburban","-8.9529","51.9047","76.0","","","","E2a/UTD AQ e-Reporting","03/07/2025 21:59:06","",""
"Ireland","NET.IE001","Ireland Air Quality e-Reporting monitoring network for compliance and informative reporting","IE010CP","Tipperary Clonmel","SPO.IE.IE010CPSample1_5","PM10","Particulate matter < 10 µm (aerosol)","P1Y","Annual mean / 1 calendar year","2025","12.191","ug/m3","48.25","2","Background","Suburban","-7.6994","52.3547","22.0","","","","E2a/UTD AQ e-Reporting","03/07/2025 21:59:06","",""
"Ireland","NET.IE001","Ireland Air Quality e-Reporting monitoring network for compliance and informative reporting","IE0136A","Dublin Tallaght Old Bawn Road","SPO.IE.IE0136ASample2_5","PM10","Particulate matter < 10 µm (aerosol)","P1Y","Annual mean / 1 calendar year","2025","11.894","ug/m3","44.41","2","Background","Suburban","-6.3588","53.2805","102.0","","","","E2a/UTD AQ e-Reporting","03/07/2025 21:59:06","",""
